{"loss":{"0":0.3202871978,"1":0.2290539593,"2":0.1613633335},"sparse_categorical_accuracy":{"0":0.8644800186,"1":0.9132800102,"2":0.9446799755},"val_loss":{"0":0.2446666062,"1":0.2627441883,"2":0.2779784501},"val_sparse_categorical_accuracy":{"0":0.9045199752,"1":0.9032800198,"2":0.8922799826}}