{"evaluation_accuracy":{"0":0.867560029,"1":0.867560029,"2":0.867560029,"3":0.867560029,"4":0.867560029},"loss":{"0":0.4396584928,"1":0.2428415567,"2":0.148356542,"3":0.0992053896,"4":0.1028102934},"sparse_categorical_accuracy":{"0":0.7937999964,"1":0.9075999856,"2":0.9485999942,"3":0.9689999819,"4":0.9660000205},"val_loss":{"0":0.2887048721,"1":0.2835825086,"2":0.2737793326,"3":0.411336273,"4":0.4551874399},"val_sparse_categorical_accuracy":{"0":0.8855000138,"1":0.8948500156,"2":0.8980500102,"3":0.8817999959,"4":0.8704500198}}