{"evaluation_accuracy":{"0":0.8788400292,"1":0.8788400292,"2":0.8788400292,"3":0.8788400292,"4":0.8788400292},"loss":{"0":0.430971086,"1":0.3215979636,"2":0.2715161741,"3":0.1619181931,"4":0.1066585183},"sparse_categorical_accuracy":{"0":0.7940000296,"1":0.8704000115,"2":0.8984000087,"3":0.9462000132,"4":0.9661999941},"val_loss":{"0":0.2931459844,"1":0.4187767506,"2":0.305452019,"3":0.3185768425,"4":0.3346551359},"val_sparse_categorical_accuracy":{"0":0.8794000149,"1":0.8177000284,"2":0.8841999769,"3":0.8668500185,"4":0.8776000142}}