{"loss":{"0":0.5612769127,"1":0.6998767853,"2":0.6966287494},"sparse_categorical_accuracy":{"0":0.6631600261,"1":0.4961999953,"2":0.5},"val_loss":{"0":0.6933928728,"1":0.6950010061,"2":0.693123579},"val_sparse_categorical_accuracy":{"0":0.5,"1":0.5,"2":0.5}}