{"loss":{"0":0.303689152,"1":0.1881996691,"2":0.1268844754},"sparse_categorical_accuracy":{"0":0.8743600249,"1":0.9283599854,"2":0.9562799931},"val_loss":{"0":0.2307229042,"1":0.3085857928,"2":0.3012970388},"val_sparse_categorical_accuracy":{"0":0.9047200084,"1":0.8770800233,"2":0.8981999755}}