{"loss":{"0":0.7020531893,"1":0.7019923925,"2":0.7020380497},"sparse_categorical_accuracy":{"0":0.5033199787,"1":0.4993599951,"2":0.5030400157},"val_loss":{"0":0.6932457685,"1":0.6932965517,"2":0.7043988109},"val_sparse_categorical_accuracy":{"0":0.5,"1":0.5,"2":0.5}}