{"loss":{"0":0.2910188138,"1":0.3197599649,"2":0.7004115582},"sparse_categorical_accuracy":{"0":0.8809400201,"1":0.8198999763,"2":0.4989199936},"val_loss":{"0":0.2783913314,"1":0.6997158527,"2":0.6944209337},"val_sparse_categorical_accuracy":{"0":0.8969200253,"1":0.5,"2":0.5}}