{"loss":{"0":0.3413936198,"1":0.2034787089,"2":0.1320542544},"sparse_categorical_accuracy":{"0":0.8508399725,"1":0.9241200089,"2":0.9534000158},"val_loss":{"0":0.2569690347,"1":0.251774013,"2":0.3581326306},"val_sparse_categorical_accuracy":{"0":0.9006400108,"1":0.8979200125,"2":0.8794000149}}