{"loss":{"0":0.3081263602,"1":0.2052735388,"2":0.1863504648},"sparse_categorical_accuracy":{"0":0.8760399818,"1":0.9234399796,"2":0.931640029},"val_loss":{"0":0.2232731879,"1":0.2372920066,"2":0.3124139011},"val_sparse_categorical_accuracy":{"0":0.9114000201,"1":0.9057999849,"2":0.865079999}}