{"loss":{"0":0.2578923106,"1":0.269084543,"2":0.6805500984},"sparse_categorical_accuracy":{"0":0.8972200155,"1":0.8510199785,"2":0.5286599994},"val_loss":{"0":0.2805227637,"1":0.7024689317,"2":0.6968704462},"val_sparse_categorical_accuracy":{"0":0.8931599855,"1":0.5,"2":0.5}}