{"loss":{"0":0.2586406469,"1":0.5920135379,"2":0.6964668036},"sparse_categorical_accuracy":{"0":0.8936200142,"1":0.5897399783,"2":0.4973199964},"val_loss":{"0":0.2716763914,"1":0.6967459321,"2":0.6932039261},"val_sparse_categorical_accuracy":{"0":0.887040019,"1":0.5001999736,"2":0.5}}