{"evaluation_accuracy":{"0":0.249770835,"1":0.249770835,"2":0.249770835,"3":0.249770835,"4":0.249770835,"5":0.249770835,"6":0.249770835,"7":0.249770835,"8":0.249770835,"9":0.249770835},"loss":{"0":0.3445360959,"1":0.218297407,"2":0.1619054824,"3":0.1550187767,"4":0.1584521234,"5":0.1387518793,"6":0.1281217039,"7":0.1091655791,"8":0.9954724908,"9":1.2950822115},"sparse_categorical_accuracy":{"0":0.8866249919,"1":0.9293749928,"2":0.9507499933,"3":0.9555416703,"4":0.9611250162,"5":0.9656249881,"6":0.9666666389,"7":0.975333333,"8":0.4897083342,"9":0.3146666586},"val_loss":{"0":0.2704015672,"1":0.2463587075,"2":0.318007648,"3":0.3082712293,"4":0.4036975205,"5":0.3918001056,"6":0.3967279494,"7":0.446562916,"8":1.2689697742,"9":1.3981630802},"val_sparse_categorical_accuracy":{"0":0.9105263352,"1":0.9213157892,"2":0.9167105556,"3":0.9144737124,"4":0.9028947353,"5":0.8993421197,"6":0.906447351,"7":0.9027631283,"8":0.463552624,"9":0.25}}