{"evaluation_accuracy":{"0":0.8897916675,"1":0.8897916675,"2":0.8897916675,"3":0.8897916675,"4":0.8897916675,"5":0.8897916675,"6":0.8897916675,"7":0.8897916675,"8":0.8897916675,"9":0.8897916675},"loss":{"0":0.334323734,"1":0.2145484239,"2":0.1569631547,"3":0.1144855469,"4":0.095908843,"5":0.0803983361,"6":0.0723617971,"7":0.0795083046,"8":0.0607850589,"9":0.0860071704},"sparse_categorical_accuracy":{"0":0.8892499804,"1":0.9281250238,"2":0.9496666789,"3":0.9637916684,"4":0.9725416899,"5":0.9778749943,"6":0.9800833464,"7":0.9790833592,"8":0.9857083559,"9":0.9787499905},"val_loss":{"0":0.2481075376,"1":0.270246774,"2":0.2471807152,"3":0.3075531423,"4":0.355063647,"5":0.3749055564,"6":0.3656862974,"7":0.4942201674,"8":0.544393003,"9":0.5624220967},"val_sparse_categorical_accuracy":{"0":0.916315794,"1":0.9139473438,"2":0.9219737053,"3":0.9198684096,"4":0.9030263424,"5":0.9105263352,"6":0.9052631855,"7":0.9057894945,"8":0.895657897,"9":0.8881579041}}