{"loss":{"0":0.270917356,"1":0.2659390569,"2":0.7002776265},"sparse_categorical_accuracy":{"0":0.8917000294,"1":0.8612800241,"2":0.4997600019},"val_loss":{"0":0.2824812233,"1":0.6931695342,"2":0.6932543516},"val_sparse_categorical_accuracy":{"0":0.8835999966,"1":0.5,"2":0.5}}