{"loss":{"0":0.2493335009,"1":0.4702660143,"2":0.7013604641},"sparse_categorical_accuracy":{"0":0.9015600085,"1":0.7086399794,"2":0.4950399995},"val_loss":{"0":0.2881305814,"1":0.6961186528,"2":0.6933979392},"val_sparse_categorical_accuracy":{"0":0.8937600255,"1":0.5,"2":0.5}}