{"loss":{"0":0.6814301014,"1":0.7016274929,"2":0.7019190788},"sparse_categorical_accuracy":{"0":0.5371999741,"1":0.5030800104,"2":0.500880003},"val_loss":{"0":0.7013828158,"1":0.693215549,"2":0.6946661472},"val_sparse_categorical_accuracy":{"0":0.5,"1":0.5,"2":0.5}}