{"loss":{"0":0.481102109,"1":0.7015190125,"2":0.7008163333},"sparse_categorical_accuracy":{"0":0.7291600108,"1":0.5039600134,"2":0.499240011},"val_loss":{"0":0.6945068836,"1":0.693210721,"2":0.6931428313},"val_sparse_categorical_accuracy":{"0":0.5,"1":0.5,"2":0.5}}