{"loss":{"0":0.2678079307,"1":0.5141529441,"2":0.7000944614},"sparse_categorical_accuracy":{"0":0.8920400143,"1":0.6857600212,"2":0.4982199967},"val_loss":{"0":0.6724236012,"1":0.6957733035,"2":0.6950319409},"val_sparse_categorical_accuracy":{"0":0.5,"1":0.5,"2":0.5}}