{"loss":{"0":0.3233840764,"1":0.2890690565,"2":0.7007886767},"sparse_categorical_accuracy":{"0":0.8630800247,"1":0.8644000292,"2":0.5060399771},"val_loss":{"0":0.2284910381,"1":0.6960847378,"2":0.6969991922},"val_sparse_categorical_accuracy":{"0":0.9107999802,"1":0.5000399947,"2":0.5000399947}}