{"evaluation_accuracy":{"0":0.2491666675,"1":0.2491666675,"2":0.2491666675,"3":0.2491666675,"4":0.2491666675,"5":0.2491666675,"6":0.2491666675,"7":0.2491666675,"8":0.2491666675},"loss":{"0":0.3407356143,"1":0.2240602225,"2":0.1716823578,"3":0.1447474062,"4":0.1141174957,"5":0.112155661,"6":1.4028924704,"7":1.3989931345,"8":1.3991564512},"sparse_categorical_accuracy":{"0":0.8870833516,"1":0.9275416732,"2":0.946416676,"3":0.9562916756,"4":0.9661250114,"5":0.9700416923,"6":0.2474166602,"7":0.2500416636,"8":0.2522916794},"val_loss":{"0":0.2601169646,"1":0.2861193419,"2":0.2746739984,"3":0.3180391788,"4":0.3585364223,"5":1.4993598461,"6":1.3945268393,"7":1.3870254755,"8":1.3942782879},"val_sparse_categorical_accuracy":{"0":0.9169737101,"1":0.9136841893,"2":0.9177631736,"3":0.9097368717,"4":0.9031578898,"5":0.29723683,"6":0.25,"7":0.25,"8":0.25}}