{"evaluation_accuracy":{"0":0.2992604077,"1":0.2992604077,"2":0.2992604077,"3":0.2992604077,"4":0.2992604077,"5":0.2992604077,"6":0.2992604077,"7":0.2992604077,"8":0.2992604077,"9":0.2992604077},"loss":{"0":0.3346695006,"1":0.228275761,"2":0.1662432402,"3":0.1273472756,"4":0.1004623696,"5":0.0819283724,"6":0.0751378909,"7":0.0734873712,"8":0.4513938427,"9":1.3295857906},"sparse_categorical_accuracy":{"0":0.8909583092,"1":0.9269999862,"2":0.9482083321,"3":0.9624583125,"4":0.9709583521,"5":0.9778749943,"6":0.9796666503,"7":0.9808750153,"8":0.7761666775,"9":0.3032083213},"val_loss":{"0":0.2927593291,"1":0.2609390914,"2":0.2757876813,"3":0.3243176341,"4":0.3330837488,"5":0.4472758174,"6":0.4542219043,"7":0.483461082,"8":1.3914074898,"9":1.3342608213},"val_sparse_categorical_accuracy":{"0":0.8992105126,"1":0.9161841869,"2":0.9115789533,"3":0.9103947282,"4":0.9136841893,"5":0.9013158083,"6":0.9047368169,"7":0.9073684216,"8":0.2502631545,"9":0.2934210598}}