{"evaluation_accuracy":{"0":0.7208010554,"1":0.7208010554,"2":0.7208010554,"3":0.7208010554,"4":0.7208010554,"5":0.7208010554,"6":0.7208010554,"7":0.7208010554,"8":0.7208010554,"9":0.7208010554},"loss":{"0":0.6108211875,"1":0.3933112323,"2":0.1786971539,"3":0.1383334547,"4":0.075741753,"5":0.0714179277,"6":0.0531842336,"7":0.0342549384,"8":0.0393445455,"9":0.0684539825},"sparse_categorical_accuracy":{"0":0.693567276,"1":0.8309941292,"2":0.9350877404,"3":0.954970777,"4":0.9783625603,"5":0.9766082168,"6":0.9830409288,"7":0.9888888597,"8":0.9865497351,"9":0.9777777791},"val_loss":{"0":0.5429040194,"1":0.6188091636,"2":1.0224704742,"3":0.8264037967,"4":0.8844260573,"5":0.9319730997,"6":1.0221197605,"7":1.5014499426,"8":1.2037194967,"9":0.9517734051},"val_sparse_categorical_accuracy":{"0":0.7305502892,"1":0.7571157217,"2":0.732447803,"3":0.7476280928,"4":0.7438330054,"5":0.7590132952,"6":0.7381404042,"7":0.7381404042,"8":0.7115749717,"9":0.7438330054}}