{"evaluation_accuracy":{"0":0.7436047196,"1":0.7436047196,"2":0.7436047196,"3":0.7436047196,"4":0.7436047196,"5":0.7436047196,"6":0.7436047196,"7":0.7436047196,"8":0.7436047196,"9":0.7436047196},"loss":{"0":0.5979551673,"1":0.3831957579,"2":0.2136535048,"3":0.1412587464,"4":0.0890175179,"5":0.0692343935,"6":0.0606468692,"7":0.0329303369,"8":0.0386127494,"9":0.0471111201},"sparse_categorical_accuracy":{"0":0.6812865734,"1":0.8350877166,"2":0.9210526347,"3":0.9520468116,"4":0.9748538136,"5":0.9795321822,"6":0.9783625603,"7":0.9906432629,"8":0.9865497351,"9":0.9877192974},"val_loss":{"0":0.5524157286,"1":0.638728261,"2":0.7239171267,"3":0.9194594622,"4":1.0203756094,"5":0.9445550442,"6":0.9621481895,"7":0.9836936593,"8":1.4130940437,"9":1.108358264},"val_sparse_categorical_accuracy":{"0":0.6925995946,"1":0.6982921958,"2":0.7703984976,"3":0.7495256066,"4":0.7628083229,"5":0.7590132952,"6":0.753320694,"7":0.7571157217,"8":0.753320694,"9":0.7381404042}}