{"evaluation_accuracy":{"0":0.7428738475,"1":0.7428738475,"2":0.7428738475,"3":0.7428738475,"4":0.7428738475,"5":0.7428738475,"6":0.7428738475,"7":0.7428738475,"8":0.7428738475,"9":0.7428738475},"loss":{"0":0.5704267025,"1":0.3374362886,"2":0.167096287,"3":0.1144681722,"4":0.0787186995,"5":0.0772688389,"6":0.0563247055,"7":0.0482927784,"8":0.0355520472,"9":0.048451595},"sparse_categorical_accuracy":{"0":0.7210526466,"1":0.8614035249,"2":0.9432748556,"3":0.9643275142,"4":0.9783625603,"5":0.9777777791,"6":0.9812865257,"7":0.9865497351,"8":0.9900584817,"9":0.9859648943},"val_loss":{"0":0.5107504725,"1":0.5530588627,"2":0.6526074409,"3":0.8385737538,"4":1.1064069271,"5":0.8161364198,"6":1.1154783964,"7":0.9919630289,"8":1.1804125309,"9":1.1869122982},"val_sparse_categorical_accuracy":{"0":0.7647058964,"1":0.7495256066,"2":0.7476280928,"3":0.7590132952,"4":0.732447803,"5":0.724857688,"6":0.7419354916,"7":0.7495256066,"8":0.7419354916,"9":0.7343453765}}