{"evaluation_accuracy":{"0":0.7351264358,"1":0.7351264358,"2":0.7351264358,"3":0.7351264358,"4":0.7351264358,"5":0.7351264358,"6":0.7351264358,"7":0.7351264358,"8":0.7351264358,"9":0.7351264358},"loss":{"0":0.6225294471,"1":0.466588378,"2":0.2667074203,"3":0.2069569975,"4":0.1415884048,"5":0.1099950224,"6":0.0718735158,"7":0.0703661367,"8":0.0499085635,"9":0.0898108259},"sparse_categorical_accuracy":{"0":0.6818713546,"1":0.8029239774,"2":0.9111111164,"3":0.9321637154,"4":0.9578947425,"5":0.9654970765,"6":0.9801169634,"7":0.9789473414,"8":0.9859648943,"9":0.9719298482},"val_loss":{"0":0.613265574,"1":0.5476576686,"2":0.7397940755,"3":0.7349785566,"4":0.8174188733,"5":1.2011682987,"6":0.993688941,"7":1.1530916691,"8":1.1988089085,"9":1.0238404274},"val_sparse_categorical_accuracy":{"0":0.6925995946,"1":0.7343453765,"2":0.732447803,"3":0.7419354916,"4":0.7514231205,"5":0.7457305789,"6":0.7628083229,"7":0.7419354916,"8":0.7400379777,"9":0.7495256066}}