{"evaluation_accuracy":{"0":0.7396579385,"1":0.7396579385,"2":0.7396579385,"3":0.7396579385,"4":0.7396579385,"5":0.7396579385,"6":0.7396579385,"7":0.7396579385,"8":0.7396579385,"9":0.7396579385},"loss":{"0":0.5914555788,"1":0.4029270113,"2":0.2317682654,"3":0.1482926458,"4":0.0869799703,"5":0.0881986469,"6":0.0904993489,"7":0.078774482,"8":0.0931219459,"9":0.075030908},"sparse_categorical_accuracy":{"0":0.6953216195,"1":0.8309941292,"2":0.9204678535,"3":0.9450292587,"4":0.9719298482,"5":0.9766082168,"6":0.9748538136,"7":0.9777777791,"8":0.9690058231,"9":0.976023376},"val_loss":{"0":0.5642392039,"1":0.5695688725,"2":0.6764072776,"3":0.8411954641,"4":0.863512814,"5":0.8485305309,"6":0.7024419308,"7":1.005218029,"8":0.7446682453,"9":0.9834154844},"val_sparse_categorical_accuracy":{"0":0.7096773982,"1":0.7191650867,"2":0.7476280928,"3":0.7552182078,"4":0.760910809,"5":0.7457305789,"6":0.753320694,"7":0.7419354916,"8":0.7400379777,"9":0.7419354916}}