{"evaluation_accuracy":{"0":0.7208010554,"1":0.7208010554,"2":0.7208010554,"3":0.7208010554,"4":0.7208010554,"5":0.7208010554,"6":0.7208010554,"7":0.7208010554,"8":0.7208010554,"9":0.7208010554},"loss":{"0":0.6174120307,"1":0.5587485433,"2":0.4933075607,"3":0.3194079995,"4":0.2090135664,"5":0.1385145783,"6":0.111798875,"7":0.1098459512,"8":0.0835239813,"9":0.1036682203},"sparse_categorical_accuracy":{"0":0.6871345043,"1":0.7286549807,"2":0.7497075796,"3":0.8742690086,"4":0.923391819,"5":0.954970777,"6":0.9672514796,"7":0.9619883299,"8":0.9742690325,"9":0.9695906639},"val_loss":{"0":0.5596653819,"1":0.5954754353,"2":0.5997069478,"3":0.6394659281,"4":0.8055254221,"5":0.937379539,"6":0.9177612066,"7":0.8766074777,"8":1.0071355104,"9":1.1503138542},"val_sparse_categorical_accuracy":{"0":0.7286527753,"1":0.6963946819,"2":0.6982921958,"3":0.7305502892,"4":0.7343453765,"5":0.724857688,"6":0.7115749717,"7":0.7172675729,"8":0.7267552018,"9":0.7286527753}}