{"evaluation_accuracy":{"0":0.7449203134,"1":0.7449203134,"2":0.7449203134,"3":0.7449203134,"4":0.7449203134,"5":0.7449203134,"6":0.7449203134,"7":0.7449203134,"8":0.7449203134,"9":0.7449203134},"loss":{"0":0.6195260286,"1":0.478752166,"2":0.2472884804,"3":0.1495903432,"4":0.1031023413,"5":0.1034882292,"6":0.0762060955,"7":0.0787088946,"8":0.0448370576,"9":0.0377454199},"sparse_categorical_accuracy":{"0":0.6865497231,"1":0.7900584936,"2":0.914619863,"3":0.9485380054,"4":0.9730994105,"5":0.9666666389,"6":0.9795321822,"7":0.9742690325,"8":0.9871345162,"9":0.9853801131},"val_loss":{"0":0.5581923127,"1":0.566582799,"2":0.5966343284,"3":0.7343532443,"4":0.9596353173,"5":1.0021935701,"6":1.4131019115,"7":0.8063237071,"8":1.4030814171,"9":0.8949871659},"val_sparse_categorical_accuracy":{"0":0.7400379777,"1":0.760910809,"2":0.7438330054,"3":0.753320694,"4":0.7419354916,"5":0.7571157217,"6":0.7476280928,"7":0.7457305789,"8":0.7476280928,"9":0.7495256066}}