{"evaluation_accuracy":{"0":0.4977000058,"1":0.4977000058,"2":0.4977000058,"3":0.4977000058},"loss":{"0":0.699570775,"1":0.7033787966,"2":0.7027602196,"3":0.7019228339},"sparse_categorical_accuracy":{"0":0.5105999708,"1":0.5063999891,"2":0.4977999926,"3":0.4973999858},"val_loss":{"0":0.6937811971,"1":0.7017810941,"2":0.693788588,"3":0.6936698556},"val_sparse_categorical_accuracy":{"0":0.5,"1":0.5,"2":0.5,"3":0.5}}