{"evaluation_accuracy":{"0":0.400000006,"1":0.400000006,"2":0.400000006,"3":0.400000006,"4":0.400000006,"5":0.400000006,"6":0.400000006,"7":0.400000006,"8":0.400000006,"9":0.400000006},"loss":{"0":0.7310931087,"1":0.6387110949,"2":0.68794626,"3":0.6543745995,"4":0.5710741878,"5":0.4812067151,"6":0.3298903406,"7":0.2939940691,"8":0.2214927226,"9":0.1857496798},"sparse_categorical_accuracy":{"0":0.400000006,"1":0.6999999881,"2":0.6000000238,"3":0.6000000238,"4":0.8999999762,"5":1.0,"6":0.8999999762,"7":1.0,"8":1.0,"9":1.0},"val_loss":{"0":0.5841405392,"1":0.617351234,"2":0.623698473,"3":0.5777555704,"4":0.4974103868,"5":0.3723848462,"6":0.3204370439,"7":0.3077679276,"8":0.3230109215,"9":0.398206383},"val_sparse_categorical_accuracy":{"0":1.0,"1":1.0,"2":1.0,"3":0.8999999762,"4":0.8999999762,"5":0.8999999762,"6":0.8999999762,"7":0.8999999762,"8":0.8999999762,"9":0.8000000119}}