{"evaluation_accuracy":{"0":0.3000000119,"1":0.3000000119,"2":0.3000000119,"3":0.3000000119,"4":0.3000000119,"5":0.3000000119,"6":0.3000000119,"7":0.3000000119,"8":0.3000000119,"9":0.3000000119},"loss":{"0":0.6949200034,"1":0.6172794104,"2":0.5908167362,"3":0.4648191333,"4":0.3972446918,"5":0.286545366,"6":0.2716534734,"7":0.1600719988,"8":0.1844708622,"9":0.1115156785},"sparse_categorical_accuracy":{"0":0.6000000238,"1":0.6999999881,"2":0.6000000238,"3":0.6000000238,"4":0.8000000119,"5":1.0,"6":1.0,"7":1.0,"8":1.0,"9":1.0},"val_loss":{"0":0.5145645738,"1":0.3445602655,"2":0.296531707,"3":0.2890241444,"4":0.2895988226,"5":0.2756151557,"6":0.2304174453,"7":0.3315208554,"8":0.3471071124,"9":0.2431753576},"val_sparse_categorical_accuracy":{"0":1.0,"1":1.0,"2":1.0,"3":1.0,"4":0.8999999762,"5":0.8999999762,"6":0.8999999762,"7":0.8999999762,"8":0.8999999762,"9":0.8999999762}}