{"evaluation_accuracy":{"0":0.8740500212,"1":0.8740500212,"2":0.8740500212,"3":0.8740500212,"4":0.8740500212,"5":0.8740500212,"6":0.8740500212,"7":0.8740500212,"8":0.8740500212,"9":0.8740500212},"loss":{"0":0.3826578259,"1":0.2184948474,"2":0.1341890842,"3":0.0939179733,"4":0.0617613643,"5":0.0650350749,"6":0.0511607938,"7":0.0479510911,"8":0.1052143574,"9":0.0618637465},"sparse_categorical_accuracy":{"0":0.8309999704,"1":0.9222000241,"2":0.9527999759,"3":0.9689999819,"4":0.978399992,"5":0.975399971,"6":0.9819999933,"7":0.9846000075,"8":0.9689999819,"9":0.9824000001},"val_loss":{"0":0.2804487646,"1":0.2620425522,"2":0.2752272785,"3":0.3399713933,"4":0.3807377815,"5":0.4013569951,"6":0.6337367296,"7":0.446837604,"8":0.5823227167,"9":0.5233340859},"val_sparse_categorical_accuracy":{"0":0.8838000298,"1":0.8838400245,"2":0.8970800042,"3":0.8817200065,"4":0.8902000189,"5":0.8920000196,"6":0.8698800206,"7":0.8751999736,"8":0.8635200262,"9":0.8701599836}}