{"evaluation_accuracy":{"0":0.400000006,"1":0.400000006,"2":0.400000006,"3":0.400000006,"4":0.400000006,"5":0.400000006,"6":0.400000006,"7":0.400000006,"8":0.400000006,"9":0.400000006},"loss":{"0":0.9174302816,"1":0.6637528539,"2":0.4699887335,"3":0.4530712068,"4":0.2804165781,"5":0.1733654737,"6":0.1418336034,"7":0.1352740824,"8":0.1079175025,"9":0.0856555626},"sparse_categorical_accuracy":{"0":0.3000000119,"1":0.400000006,"2":0.8999999762,"3":0.6999999881,"4":1.0,"5":1.0,"6":1.0,"7":1.0,"8":1.0,"9":1.0},"val_loss":{"0":0.5948704481,"1":0.5295040011,"2":0.6641687155,"3":0.6505900621,"4":0.8921300173,"5":1.0486543179,"6":1.0769270658,"7":1.2111229897,"8":1.4714215994,"9":1.7047183514},"val_sparse_categorical_accuracy":{"0":0.8999999762,"1":0.8000000119,"2":0.5,"3":0.6000000238,"4":0.3000000119,"5":0.200000003,"6":0.3000000119,"7":0.200000003,"8":0.200000003,"9":0.1000000015}}