{"evaluation_accuracy":{"0":0.4977000058,"1":0.4977000058,"2":0.4977000058,"3":0.4977000058,"4":0.4977000058,"5":0.4977000058},"loss":{"0":0.7028052211,"1":0.7007955909,"2":0.6995531321,"3":0.7010324597,"4":0.7010217309,"5":0.7016587257},"sparse_categorical_accuracy":{"0":0.4997999966,"1":0.5063999891,"2":0.5072000027,"3":0.4952999949,"4":0.4981000125,"5":0.4997000098},"val_loss":{"0":0.7091053724,"1":0.6931544542,"2":0.6956760287,"3":0.6946468949,"4":0.6932060122,"5":0.6988278031},"val_sparse_categorical_accuracy":{"0":0.5,"1":0.5,"2":0.5,"3":0.5,"4":0.5,"5":0.5}}