{"evaluation_accuracy":{"0":0.502300024,"1":0.502300024,"2":0.502300024,"3":0.502300024},"loss":{"0":0.6958016157,"1":0.7034268379,"2":0.7028881907,"3":0.7005861402},"sparse_categorical_accuracy":{"0":0.5159999728,"1":0.4966000021,"2":0.5009999871,"3":0.5085999966},"val_loss":{"0":0.6932985187,"1":0.6941667795,"2":0.6938844323,"3":0.6940672398},"val_sparse_categorical_accuracy":{"0":0.5,"1":0.5,"2":0.5,"3":0.5}}