{"evaluation_accuracy":{"0":0.8694000244,"1":0.8694000244,"2":0.8694000244,"3":0.8694000244,"4":0.8694000244,"5":0.8694000244,"6":0.8694000244,"7":0.8694000244,"8":0.8694000244,"9":0.8694000244},"loss":{"0":0.4081020653,"1":0.2301091105,"2":0.1542693526,"3":0.1124272794,"4":0.0836636871,"5":0.0663712919,"6":0.0604243092,"7":0.0588030443,"8":0.0634999424,"9":0.0615109615},"sparse_categorical_accuracy":{"0":0.8177999854,"1":0.9093999863,"2":0.9470000267,"3":0.9602000117,"4":0.9688000083,"5":0.980799973,"6":0.9804000258,"7":0.9810000062,"8":0.9786000252,"9":0.9815999866},"val_loss":{"0":0.4090339839,"1":0.4261161387,"2":0.3351871073,"3":0.3120313883,"4":0.4562683702,"5":0.3676987588,"6":0.4258161187,"7":0.5526582599,"8":0.5841833949,"9":0.4703263342},"val_sparse_categorical_accuracy":{"0":0.865440011,"1":0.8214399815,"2":0.8950399756,"3":0.8769999743,"4":0.8842399716,"5":0.8862000108,"6":0.8718799949,"7":0.8765599728,"8":0.8745999932,"9":0.8658000231}}