{"evaluation_accuracy":{"0":0.8470500112,"1":0.8470500112,"2":0.8470500112,"3":0.8470500112,"4":0.8470500112,"5":0.8470500112,"6":0.8470500112,"7":0.8470500112,"8":0.8470500112,"9":0.8470500112},"loss":{"0":0.4175902307,"1":0.253790468,"2":0.1486593485,"3":0.1005547568,"4":0.1014180332,"5":0.090283215,"6":0.0783131123,"7":0.0663897246,"8":0.0332376957,"9":0.0266861934},"sparse_categorical_accuracy":{"0":0.8109999895,"1":0.8999999762,"2":0.9463999867,"3":0.9692000151,"4":0.9674000144,"5":0.9696000218,"6":0.9761999846,"7":0.9779999852,"8":0.9908000231,"9":0.9937999845},"val_loss":{"0":0.3466542661,"1":0.2710124552,"2":0.3134973943,"3":0.3761754036,"4":0.399389714,"5":0.3490541875,"6":0.3684019446,"7":0.5325576663,"8":0.4956080914,"9":0.7073770165},"val_sparse_categorical_accuracy":{"0":0.853399992,"1":0.883679986,"2":0.8852000237,"3":0.8804799914,"4":0.879519999,"5":0.8811600208,"6":0.876760006,"7":0.8700399995,"8":0.8705999851,"9":0.8428400159}}