{"evaluation_accuracy":{"0":0.8744500279,"1":0.8744500279,"2":0.8744500279,"3":0.8744500279,"4":0.8744500279,"5":0.8744500279,"6":0.8744500279,"7":0.8744500279,"8":0.8744500279},"loss":{"0":0.3848045468,"1":0.2075442374,"2":0.1232616082,"3":0.0822695196,"4":0.0706863999,"5":0.0399751328,"6":0.0653335974,"7":0.0466270335,"8":0.1086728647},"sparse_categorical_accuracy":{"0":0.8398000002,"1":0.924399972,"2":0.9553999901,"3":0.9692000151,"4":0.9757999778,"5":0.9873999953,"6":0.9805999994,"7":0.9850000143,"8":0.9635999799},"val_loss":{"0":0.2412178069,"1":0.2794573903,"2":0.3103986382,"3":0.3094154596,"4":0.3430776596,"5":0.3430565894,"6":0.3871204257,"7":0.3673025668,"8":0.3309156597},"val_sparse_categorical_accuracy":{"0":0.9013199806,"1":0.8911200166,"2":0.8862800002,"3":0.8935199976,"4":0.8963999748,"5":0.8796799779,"6":0.8897600174,"7":0.8938800097,"8":0.8729199767}}