{"evaluation_accuracy":{"0":0.4977000058,"1":0.4977000058,"2":0.4977000058,"3":0.4977000058},"loss":{"0":0.6131017804,"1":0.7038941383,"2":0.6999650598,"3":0.7002788186},"sparse_categorical_accuracy":{"0":0.6462000012,"1":0.4869999886,"2":0.5109999776,"3":0.510800004},"val_loss":{"0":0.6947402954,"1":0.6963703036,"2":0.6934059262,"3":0.7073581219},"val_sparse_categorical_accuracy":{"0":0.5,"1":0.5,"2":0.5,"3":0.5}}