{"evaluation_accuracy":{"0":0.3000000119,"1":0.3000000119,"2":0.3000000119,"3":0.3000000119,"4":0.3000000119,"5":0.3000000119,"6":0.3000000119,"7":0.3000000119,"8":0.3000000119,"9":0.3000000119},"loss":{"0":0.7051830888,"1":0.5388020277,"2":0.4715896249,"3":0.3744437099,"4":0.281124264,"5":0.1930202991,"6":0.1682449579,"7":0.1521621346,"8":0.1345011443,"9":0.1196681038},"sparse_categorical_accuracy":{"0":0.5,"1":0.6000000238,"2":0.8999999762,"3":1.0,"4":1.0,"5":1.0,"6":1.0,"7":1.0,"8":1.0,"9":1.0},"val_loss":{"0":0.3819039464,"1":0.4153397977,"2":0.5893698931,"3":0.5837447047,"4":0.4634275436,"5":0.4524879456,"6":0.5592410564,"7":0.6811411381,"8":0.7983670831,"9":0.8870588541},"val_sparse_categorical_accuracy":{"0":1.0,"1":1.0,"2":0.8999999762,"3":0.8000000119,"4":0.8999999762,"5":0.8000000119,"6":0.6999999881,"7":0.6999999881,"8":0.6000000238,"9":0.6000000238}}