{"evaluation_accuracy":{"0":0.8655999899,"1":0.8655999899,"2":0.8655999899,"3":0.8655999899,"4":0.8655999899,"5":0.8655999899,"6":0.8655999899,"7":0.8655999899,"8":0.8655999899,"9":0.8655999899},"loss":{"0":0.4356783628,"1":0.2543905973,"2":0.1510277092,"3":0.118584156,"4":0.0780254975,"5":0.0905804411,"6":0.0603718869,"7":0.0390172265,"8":0.072445184,"9":0.0549189225},"sparse_categorical_accuracy":{"0":0.7922000289,"1":0.9024000168,"2":0.9445999861,"3":0.9603999853,"4":0.97299999,"5":0.9735999703,"6":0.9829999804,"7":0.9901999831,"8":0.9786000252,"9":0.986199975},"val_loss":{"0":0.3486774266,"1":0.3178285062,"2":0.3047545254,"3":0.4202615619,"4":0.4666282535,"5":0.3917425871,"6":0.4352021813,"7":0.4687432349,"8":0.4920561314,"9":0.4993392527},"val_sparse_categorical_accuracy":{"0":0.8440399766,"1":0.8751599789,"2":0.8831200004,"3":0.8577200174,"4":0.8781200051,"5":0.8661999702,"6":0.8766400218,"7":0.8676000237,"8":0.8712400198,"9":0.8626400232}}