{"evaluation_accuracy":{"0":0.4979999959,"1":0.4979999959,"2":0.4979999959,"3":0.4979999959,"4":0.4979999959,"5":0.4979999959,"6":0.4979999959,"7":0.4979999959,"8":0.4979999959,"9":0.4979999959},"loss":{"0":0.459872812,"1":0.2991570532,"2":0.2042758018,"3":0.1288715154,"4":0.0807749778,"5":0.0918003246,"6":0.050596185,"7":0.0292049069,"8":0.2865602076,"9":0.69811517},"sparse_categorical_accuracy":{"0":0.7865999937,"1":0.8826000094,"2":0.9255999923,"3":0.9534000158,"4":0.9739999771,"5":0.9685999751,"6":0.9842000008,"7":0.9909999967,"8":0.8483999968,"9":0.5055999756},"val_loss":{"0":0.3324948549,"1":0.2797631621,"2":0.3165134788,"3":0.362439841,"4":0.6646779776,"5":0.3680161238,"6":0.5390728712,"7":0.5442826152,"8":0.6872988939,"9":0.6943052411},"val_sparse_categorical_accuracy":{"0":0.8539199829,"1":0.8883200288,"2":0.8802000284,"3":0.891200006,"4":0.8432000279,"5":0.8640800118,"6":0.8588399887,"7":0.8667600155,"8":0.5101600289,"9":0.5007200241}}