{"evaluation_accuracy":{"0":0.8776999712,"1":0.8776999712,"2":0.8776999712,"3":0.8776999712,"4":0.8776999712,"5":0.8776999712,"6":0.8776999712,"7":0.8776999712,"8":0.8776999712,"9":0.8776999712},"loss":{"0":0.4292903244,"1":0.2458970994,"2":0.150098443,"3":0.1008302867,"4":0.0831097141,"5":0.0627366602,"6":0.0535309203,"7":0.0555531234,"8":0.0601756945,"9":0.0383287631},"sparse_categorical_accuracy":{"0":0.8032000065,"1":0.9067999721,"2":0.9455999732,"3":0.9679999948,"4":0.9747999907,"5":0.9811999798,"6":0.9811999798,"7":0.9811999798,"8":0.981400013,"9":0.9890000224},"val_loss":{"0":0.3056262732,"1":0.2947231829,"2":0.3154509664,"3":0.3803630173,"4":0.4361385405,"5":0.4741195738,"6":0.4568343759,"7":0.472691834,"8":0.4025137126,"9":0.5236795545},"val_sparse_categorical_accuracy":{"0":0.8708800077,"1":0.8791999817,"2":0.8605999947,"3":0.8845199943,"4":0.8622800112,"5":0.8382800221,"6":0.8766000271,"7":0.8678799868,"8":0.861199975,"9":0.8751599789}}