{"evaluation_accuracy":{"0":0.400000006,"1":0.400000006,"2":0.400000006,"3":0.400000006,"4":0.400000006,"5":0.400000006,"6":0.400000006,"7":0.400000006,"8":0.400000006,"9":0.400000006},"loss":{"0":0.6665092707,"1":0.5495528579,"2":0.4670945108,"3":0.3915596604,"4":0.2874134183,"5":0.1866633892,"6":0.1387956589,"7":0.1068294495,"8":0.0587374344,"9":0.0423112176},"sparse_categorical_accuracy":{"0":0.6000000238,"1":1.0,"2":0.8999999762,"3":0.8999999762,"4":1.0,"5":1.0,"6":1.0,"7":1.0,"8":1.0,"9":1.0},"val_loss":{"0":0.6660754085,"1":0.4330239892,"2":0.294198215,"3":0.238615945,"4":0.1802721769,"5":0.2344716787,"6":0.4206065536,"7":0.4227324426,"8":0.3775753081,"9":0.3335419297},"val_sparse_categorical_accuracy":{"0":0.8000000119,"1":1.0,"2":1.0,"3":1.0,"4":1.0,"5":1.0,"6":0.8000000119,"7":0.8999999762,"8":0.8999999762,"9":0.8999999762}}