{"evaluation_accuracy":{"0":0.4977000058,"1":0.4977000058,"2":0.4977000058,"3":0.4977000058},"loss":{"0":0.6998208761,"1":0.7030754685,"2":0.7043100595,"3":0.7015470862},"sparse_categorical_accuracy":{"0":0.519200027,"1":0.4990000129,"2":0.4997999966,"3":0.5066000223},"val_loss":{"0":0.6968142986,"1":0.6934255958,"2":0.6949082017,"3":0.6932175159},"val_sparse_categorical_accuracy":{"0":0.5,"1":0.5,"2":0.5,"3":0.5}}