{"evaluation_accuracy":{"0":0.3000000119,"1":0.3000000119,"2":0.3000000119,"3":0.3000000119,"4":0.3000000119,"5":0.3000000119,"6":0.3000000119,"7":0.3000000119,"8":0.3000000119,"9":0.3000000119},"loss":{"0":0.7426059246,"1":0.621594429,"2":0.5884724855,"3":0.4387803972,"4":0.3612006903,"5":0.2620354295,"6":0.2127330005,"7":0.1539727747,"8":0.0952316374,"9":0.0689677},"sparse_categorical_accuracy":{"0":0.400000006,"1":0.6000000238,"2":0.6999999881,"3":0.8000000119,"4":1.0,"5":1.0,"6":1.0,"7":1.0,"8":1.0,"9":1.0},"val_loss":{"0":0.4557064176,"1":0.4482169747,"2":0.4083177447,"3":0.3644717336,"4":0.3835533857,"5":0.4373024404,"6":0.4852561057,"7":0.5249058008,"8":0.5009614229,"9":0.4728550911},"val_sparse_categorical_accuracy":{"0":1.0,"1":1.0,"2":1.0,"3":1.0,"4":0.8999999762,"5":0.8000000119,"6":0.8000000119,"7":0.8000000119,"8":0.8000000119,"9":0.8000000119}}