{"evaluation_accuracy":{"0":0.502300024,"1":0.502300024,"2":0.502300024,"3":0.502300024},"loss":{"0":0.6455303431,"1":0.6664028168,"2":0.7021135688,"3":0.7020736337},"sparse_categorical_accuracy":{"0":0.6194000244,"1":0.5762000084,"2":0.5090000033,"3":0.5076000094},"val_loss":{"0":0.5733082891,"1":0.6936581135,"2":0.7088237405,"3":0.6985645294},"val_sparse_categorical_accuracy":{"0":0.7487999797,"1":0.5,"2":0.5,"3":0.5}}