{"evaluation_accuracy":{"0":0.8668000102,"1":0.8668000102,"2":0.8668000102,"3":0.8668000102,"4":0.8668000102,"5":0.8668000102,"6":0.8668000102,"7":0.8668000102,"8":0.8668000102,"9":0.8668000102},"loss":{"0":0.4695113897,"1":0.2594406605,"2":0.1557157934,"3":0.1214482933,"4":0.0730503201,"5":0.0823889002,"6":0.0451013558,"7":0.0349819325,"8":0.0538764894,"9":0.0368862972},"sparse_categorical_accuracy":{"0":0.7699999809,"1":0.9034000039,"2":0.94599998,"3":0.9593999982,"4":0.9774000049,"5":0.9742000103,"6":0.9865999818,"7":0.9894000292,"8":0.9860000014,"9":0.989199996},"val_loss":{"0":0.4991082549,"1":0.347799778,"2":0.3344889879,"3":0.3535652757,"4":0.3975462019,"5":0.4464035928,"6":0.5762086511,"7":0.5162377954,"8":0.6370398402,"9":0.6419491172},"val_sparse_categorical_accuracy":{"0":0.78956002,"1":0.8801199794,"2":0.8775200248,"3":0.8882799745,"4":0.8863599896,"5":0.8668000102,"6":0.8538399935,"7":0.8738399744,"8":0.864199996,"9":0.8621199727}}