{"evaluation_accuracy":{"0":0.4977000058,"1":0.4977000058,"2":0.4977000058,"3":0.4977000058},"loss":{"0":0.6610512733,"1":0.7004376054,"2":0.7039453387,"3":0.7008373141},"sparse_categorical_accuracy":{"0":0.5745999813,"1":0.5001999736,"2":0.5026000142,"3":0.5098000169},"val_loss":{"0":0.6943147779,"1":0.6957768798,"2":0.6949712634,"3":0.7142964005},"val_sparse_categorical_accuracy":{"0":0.5,"1":0.5,"2":0.5,"3":0.5}}