{"evaluation_accuracy":{"0":0.4977000058,"1":0.4977000058,"2":0.4977000058,"3":0.4977000058,"4":0.4977000058,"5":0.4977000058,"6":0.4977000058},"loss":{"0":0.7082430124,"1":0.7074167132,"2":0.7035383582,"3":0.7005337477,"4":0.7023500204,"5":0.7040108442,"6":0.7022402287},"sparse_categorical_accuracy":{"0":0.5013999939,"1":0.4984000027,"2":0.5026000142,"3":0.5189999938,"4":0.502399981,"5":0.5001999736,"6":0.5004000068},"val_loss":{"0":0.7047040462,"1":0.696413815,"2":0.6931702495,"3":0.7095777392,"4":0.6931388378,"5":0.6933593154,"6":0.6937171817},"val_sparse_categorical_accuracy":{"0":0.5,"1":0.5,"2":0.5,"3":0.5,"4":0.5,"5":0.5,"6":0.5}}