{"evaluation_accuracy":{"0":0.6000000238,"1":0.6000000238,"2":0.6000000238,"3":0.6000000238,"4":0.6000000238,"5":0.6000000238,"6":0.6000000238,"7":0.6000000238,"8":0.6000000238,"9":0.6000000238},"loss":{"0":0.6791615486,"1":0.6564919353,"2":0.5581587553,"3":0.4434320033,"4":0.3034290075,"5":0.2706007659,"6":0.2121393234,"7":0.1682789922,"8":0.1511847526,"9":0.1188289523},"sparse_categorical_accuracy":{"0":0.6000000238,"1":0.5,"2":0.6999999881,"3":0.8999999762,"4":1.0,"5":1.0,"6":1.0,"7":1.0,"8":1.0,"9":1.0},"val_loss":{"0":0.6292521358,"1":0.6187093854,"2":0.5395259857,"3":0.6104009151,"4":0.6716344953,"5":0.6493707299,"6":0.6265622377,"7":0.5715019107,"8":0.4817059934,"9":0.3945305347},"val_sparse_categorical_accuracy":{"0":1.0,"1":1.0,"2":1.0,"3":0.6000000238,"4":0.5,"5":0.6000000238,"6":0.6000000238,"7":0.6000000238,"8":0.6999999881,"9":0.8000000119}}