{"evaluation_accuracy":{"0":0.3000000119,"1":0.3000000119,"2":0.3000000119,"3":0.3000000119,"4":0.3000000119,"5":0.3000000119,"6":0.3000000119,"7":0.3000000119,"8":0.3000000119,"9":0.3000000119},"loss":{"0":0.6588020325,"1":0.6221296787,"2":0.588437438,"3":0.4455116391,"4":0.3771388233,"5":0.2662801445,"6":0.2518031597,"7":0.2358205318,"8":0.2331686914,"9":0.1921290457},"sparse_categorical_accuracy":{"0":0.6999999881,"1":0.8000000119,"2":0.6999999881,"3":0.8000000119,"4":0.8999999762,"5":1.0,"6":1.0,"7":1.0,"8":1.0,"9":1.0},"val_loss":{"0":0.5972687006,"1":0.5765565634,"2":0.484108448,"3":0.4463688731,"4":0.4260778427,"5":0.3770896494,"6":0.2010312378,"7":0.1243008375,"8":0.13043423,"9":0.1426359713},"val_sparse_categorical_accuracy":{"0":1.0,"1":1.0,"2":1.0,"3":1.0,"4":0.8999999762,"5":1.0,"6":1.0,"7":1.0,"8":0.8999999762,"9":0.8999999762}}