{"evaluation_accuracy":{"0":0.4977000058,"1":0.4977000058,"2":0.4977000058,"3":0.4977000058,"4":0.4977000058,"5":0.4977000058,"6":0.4977000058,"7":0.4977000058},"loss":{"0":0.6943274736,"1":0.543004334,"2":0.3348732293,"3":0.1864930987,"4":0.1377553642,"5":0.6640833616,"6":0.6647763252,"7":0.6584455371},"sparse_categorical_accuracy":{"0":0.5249999762,"1":0.7139999866,"2":0.8622000217,"3":0.9377999902,"4":0.9616000056,"5":0.5410000086,"6":0.5550000072,"7":0.5527999997},"val_loss":{"0":0.6705924869,"1":0.4327626228,"2":0.3323285878,"3":0.5055425167,"4":0.5281127095,"5":0.6771637797,"6":0.7040771246,"7":0.7018630505},"val_sparse_categorical_accuracy":{"0":0.5117999911,"1":0.7970799804,"2":0.8596000075,"3":0.8414800167,"4":0.8410800099,"5":0.5,"6":0.4999600053,"7":0.5}}