{"evaluation_accuracy":{"0":0.4977000058,"1":0.4977000058,"2":0.4977000058,"3":0.4977000058,"4":0.4977000058,"5":0.4977000058},"loss":{"0":0.3959580958,"1":0.2108785212,"2":0.0880876184,"3":0.4260858893,"4":0.7020527124,"5":0.7003104687},"sparse_categorical_accuracy":{"0":0.8086000085,"1":0.9226999879,"2":0.9735999703,"3":0.743900001,"4":0.4963000119,"5":0.5006999969},"val_loss":{"0":0.2891734242,"1":0.3567291498,"2":0.437274605,"3":0.6955583096,"4":0.6966108084,"5":0.6960864663},"val_sparse_categorical_accuracy":{"0":0.8848400116,"1":0.8644000292,"2":0.8420400023,"3":0.5,"4":0.5,"5":0.5}}