{"evaluation_accuracy":{"0":0.200000003,"1":0.200000003,"2":0.200000003,"3":0.200000003,"4":0.200000003,"5":0.200000003,"6":0.200000003,"7":0.200000003,"8":0.200000003,"9":0.200000003},"loss":{"0":0.7955268621,"1":0.6622217894,"2":0.6654013991,"3":0.6047599316,"4":0.5187119246,"5":0.5078568459,"6":0.3292603195,"7":0.3070603609,"8":0.2219589502,"9":0.2112917006},"sparse_categorical_accuracy":{"0":0.3000000119,"1":0.6999999881,"2":0.6000000238,"3":0.6999999881,"4":0.8000000119,"5":0.6999999881,"6":1.0,"7":1.0,"8":1.0,"9":1.0},"val_loss":{"0":0.739567101,"1":0.8415719271,"2":0.8105605245,"3":0.3955559433,"4":0.3179879189,"5":0.3526481986,"6":0.3340784907,"7":0.2723488212,"8":0.2403540313,"9":0.2092945278},"val_sparse_categorical_accuracy":{"0":0.200000003,"1":0.0,"2":0.1000000015,"3":1.0,"4":1.0,"5":0.8999999762,"6":0.8999999762,"7":0.8999999762,"8":0.8999999762,"9":0.8999999762}}