{"evaluation_accuracy":{"0":0.8615999818,"1":0.8615999818,"2":0.8615999818,"3":0.8615999818,"4":0.8615999818,"5":0.8615999818,"6":0.8615999818,"7":0.8615999818,"8":0.8615999818,"9":0.8615999818},"loss":{"0":0.4648872912,"1":0.2686487436,"2":0.149681583,"3":0.0839776099,"4":0.1002975553,"5":0.0671809018,"6":0.0461864844,"7":0.0418968312,"8":0.0460498258,"9":0.0384711288},"sparse_categorical_accuracy":{"0":0.7803999782,"1":0.8927999735,"2":0.9480000138,"3":0.9715999961,"4":0.9657999873,"5":0.9804000258,"6":0.9869999886,"7":0.9882000089,"8":0.9878000021,"9":0.9904000163},"val_loss":{"0":0.3617153168,"1":0.255156517,"2":0.3372379243,"3":0.4838558733,"4":0.418109566,"5":0.4492174089,"6":0.4703910947,"7":0.6086881161,"8":0.6351830363,"9":0.7022503614},"val_sparse_categorical_accuracy":{"0":0.8627200127,"1":0.8949999809,"2":0.8801199794,"3":0.8790400028,"4":0.8801599741,"5":0.8746799827,"6":0.8740800023,"7":0.8674399853,"8":0.8226400018,"9":0.8555600047}}