{"evaluation_accuracy":{"0":0.8488500118,"1":0.8488500118,"2":0.8488500118,"3":0.8488500118,"4":0.8488500118,"5":0.8488500118,"6":0.8488500118,"7":0.8488500118,"8":0.8488500118,"9":0.8488500118},"loss":{"0":0.4483113289,"1":0.260963589,"2":0.1521784812,"3":0.1166443452,"4":0.0687105879,"5":0.0622973926,"6":0.0905451626,"7":0.0483294912,"8":0.0565745905,"9":0.1045447737},"sparse_categorical_accuracy":{"0":0.7886000276,"1":0.8949999809,"2":0.9477999806,"3":0.9595999718,"4":0.9756000042,"5":0.9797999859,"6":0.9674000144,"7":0.986800015,"8":0.9833999872,"9":0.9710000157},"val_loss":{"0":0.2831022143,"1":0.2775092423,"2":0.3577893376,"3":0.3957914412,"4":0.4883796573,"5":1.0867842436,"6":0.516356349,"7":0.5156135559,"8":0.5280776024,"9":0.5824145675},"val_sparse_categorical_accuracy":{"0":0.8755599856,"1":0.8876000047,"2":0.8670799732,"3":0.8873999715,"4":0.8436800241,"5":0.7012000084,"6":0.8617200255,"7":0.8669999838,"8":0.8536800146,"9":0.8409199715}}