{"evaluation_accuracy":{"0":0.8647000194,"1":0.8647000194,"2":0.8647000194,"3":0.8647000194,"4":0.8647000194,"5":0.8647000194,"6":0.8647000194,"7":0.8647000194,"8":0.8647000194,"9":0.8647000194},"loss":{"0":0.4392157197,"1":0.2372686714,"2":0.156132713,"3":0.0957633629,"4":0.0685483366,"5":0.0692573637,"6":0.0592094958,"7":0.0415029861,"8":0.2058158666,"9":0.0846739039},"sparse_categorical_accuracy":{"0":0.7918000221,"1":0.9120000005,"2":0.9470000267,"3":0.9679999948,"4":0.9789999723,"5":0.9786000252,"6":0.983799994,"7":0.9896000028,"8":0.9330000281,"9":0.9732000232},"val_loss":{"0":0.3105019331,"1":0.3268516958,"2":0.3007400334,"3":0.3510565758,"4":0.4085889459,"5":0.4345579445,"6":0.6436379552,"7":0.5392866135,"8":0.7421463132,"9":0.5379011035},"val_sparse_categorical_accuracy":{"0":0.8857200146,"1":0.877120018,"2":0.8867999911,"3":0.8782399893,"4":0.8512399793,"5":0.8796799779,"6":0.8479200006,"7":0.876240015,"8":0.8222000003,"9":0.8569200039}}