{"evaluation_accuracy":{"0":0.3000000119,"1":0.3000000119,"2":0.3000000119,"3":0.3000000119,"4":0.3000000119,"5":0.3000000119,"6":0.3000000119,"7":0.3000000119,"8":0.3000000119,"9":0.3000000119},"loss":{"0":0.6668788791,"1":0.5344032049,"2":0.3930845857,"3":0.3114241064,"4":0.2583963573,"5":0.2380705327,"6":0.1613676846,"7":0.2131948769,"8":0.1122502312,"9":0.102532506},"sparse_categorical_accuracy":{"0":0.5,"1":0.6999999881,"2":1.0,"3":1.0,"4":1.0,"5":1.0,"6":1.0,"7":1.0,"8":1.0,"9":1.0},"val_loss":{"0":0.5188358426,"1":0.506682694,"2":0.357109189,"3":0.2868249118,"4":0.4130797386,"5":0.7603648305,"6":1.0672098398,"7":0.3508306146,"8":0.2313839644,"9":0.1759552062},"val_sparse_categorical_accuracy":{"0":1.0,"1":1.0,"2":1.0,"3":1.0,"4":0.8999999762,"5":0.5,"6":0.200000003,"7":0.8999999762,"8":0.8999999762,"9":0.8999999762}}