{"evaluation_accuracy":{"0":0.8643500209,"1":0.8643500209,"2":0.8643500209,"3":0.8643500209,"4":0.8643500209,"5":0.8643500209,"6":0.8643500209,"7":0.8643500209},"loss":{"0":0.5385035872,"1":0.3140435219,"2":0.1848518103,"3":0.1195126101,"4":0.0726178437,"5":0.1019974723,"6":0.0908715501,"7":0.0746812597},"sparse_categorical_accuracy":{"0":0.7111999989,"1":0.8740000129,"2":0.9332000017,"3":0.9580000043,"4":0.9796000123,"5":0.9684000015,"6":0.9711999893,"7":0.9751999974},"val_loss":{"0":0.355768472,"1":0.4504049718,"2":0.3447308242,"3":0.352943331,"4":0.4595215619,"5":0.5459452271,"6":0.5720075369,"7":0.5162052512},"val_sparse_categorical_accuracy":{"0":0.8720399737,"1":0.8100000024,"2":0.8852800131,"3":0.8813999891,"4":0.8707600236,"5":0.8530399799,"6":0.8640000224,"7":0.8577600121}}