{"evaluation_accuracy":{"0":0.3000000119,"1":0.3000000119,"2":0.3000000119,"3":0.3000000119,"4":0.3000000119,"5":0.3000000119,"6":0.3000000119,"7":0.3000000119,"8":0.3000000119,"9":0.3000000119},"loss":{"0":0.7106130719,"1":0.6220906973,"2":0.5231744647,"3":0.4617024362,"4":0.343500942,"5":0.2492165118,"6":0.1772975922,"7":0.1703511775,"8":0.1237447411,"9":0.0880234838},"sparse_categorical_accuracy":{"0":0.6000000238,"1":0.6000000238,"2":0.8000000119,"3":0.8000000119,"4":0.8999999762,"5":1.0,"6":1.0,"7":1.0,"8":1.0,"9":1.0},"val_loss":{"0":0.5193341374,"1":0.4487989545,"2":0.4713619351,"3":0.53223598,"4":0.6626707315,"5":0.5303553939,"6":0.410864532,"7":0.3464636803,"8":0.336769104,"9":0.3478307426},"val_sparse_categorical_accuracy":{"0":1.0,"1":0.8999999762,"2":0.8999999762,"3":0.8999999762,"4":0.6000000238,"5":0.8000000119,"6":0.8000000119,"7":0.8999999762,"8":0.8999999762,"9":0.8999999762}}