{"evaluation_accuracy":{"0":0.7637000084,"1":0.7637000084,"2":0.7637000084,"3":0.7637000084,"4":0.7637000084,"5":0.7637000084,"6":0.7637000084,"7":0.7637000084,"8":0.7637000084,"9":0.7637000084},"loss":{"0":0.4271612167,"1":0.240621686,"2":0.1366944462,"3":0.0980370417,"4":0.0728105977,"5":0.041823905,"6":0.0414678305,"7":0.0424219184,"8":0.0603817739,"9":0.3943242133},"sparse_categorical_accuracy":{"0":0.7979999781,"1":0.9106000066,"2":0.9520000219,"3":0.9667999744,"4":0.9761999846,"5":0.9873999953,"6":0.9850000143,"7":0.9860000014,"8":0.9822000265,"9":0.8316000104},"val_loss":{"0":0.2710034847,"1":0.2674470842,"2":0.3749694228,"3":0.3613118231,"4":0.3627003133,"5":0.4299600422,"6":0.5557025671,"7":0.8406173587,"8":0.4565425515,"9":0.5186091661},"val_sparse_categorical_accuracy":{"0":0.8930799961,"1":0.8946800232,"2":0.885800004,"3":0.8844000101,"4":0.8887599707,"5":0.8880800009,"6":0.8737999797,"7":0.7978799939,"8":0.8158800006,"9":0.7599599957}}