{"evaluation_accuracy":{"0":0.8565499783,"1":0.8565499783,"2":0.8565499783,"3":0.8565499783,"4":0.8565499783,"5":0.8565499783,"6":0.8565499783,"7":0.8565499783,"8":0.8565499783,"9":0.8565499783},"loss":{"0":0.3916433454,"1":0.2175365686,"2":0.1332143843,"3":0.1099539697,"4":0.0708591342,"5":0.0628829673,"6":0.0538016371,"7":0.0459999219,"8":0.0691571161,"9":0.0370177813},"sparse_categorical_accuracy":{"0":0.8284000158,"1":0.918200016,"2":0.9517999887,"3":0.9610000253,"4":0.9789999723,"5":0.9822000265,"6":0.9832000136,"7":0.9840000272,"8":0.9761999846,"9":0.9882000089},"val_loss":{"0":0.2907007337,"1":0.2591125667,"2":0.342073828,"3":0.3654767275,"4":0.3302786052,"5":0.3807226419,"6":0.3583544493,"7":0.43284747,"8":0.5773598552,"9":0.5571680665},"val_sparse_categorical_accuracy":{"0":0.8849999905,"1":0.8931599855,"2":0.8639199734,"3":0.884280026,"4":0.8907200098,"5":0.8776400089,"6":0.8672800064,"7":0.8731600046,"8":0.8676000237,"9":0.854279995}}