{"evaluation_accuracy":{"0":0.8758500218,"1":0.8758500218,"2":0.8758500218,"3":0.8758500218,"4":0.8758500218,"5":0.8758500218,"6":0.8758500218,"7":0.8758500218,"8":0.8758500218,"9":0.8758500218},"loss":{"0":0.4026126564,"1":0.2268665582,"2":0.138960734,"3":0.0775419697,"4":0.0715875253,"5":0.0636647418,"6":0.0468183048,"7":0.0401465259,"8":0.0661186129,"9":0.0568904057},"sparse_categorical_accuracy":{"0":0.814800024,"1":0.915199995,"2":0.9488000274,"3":0.9739999771,"4":0.9751999974,"5":0.980799973,"6":0.9854000211,"7":0.9878000021,"8":0.9774000049,"9":0.9811999798},"val_loss":{"0":0.2812686861,"1":0.3149039745,"2":0.297666043,"3":0.3493734002,"4":0.4090993702,"5":0.3854339719,"6":0.5184184909,"7":0.5038721561,"8":0.5064672828,"9":0.513425529},"val_sparse_categorical_accuracy":{"0":0.8860800266,"1":0.8810399771,"2":0.8919600248,"3":0.8843200207,"4":0.8787999749,"5":0.8718400002,"6":0.8807200193,"7":0.8834400177,"8":0.865719974,"9":0.8729199767}}