{"evaluation_accuracy":{"0":0.8728500009,"1":0.8728500009,"2":0.8728500009,"3":0.8728500009,"4":0.8728500009,"5":0.8728500009,"6":0.8728500009,"7":0.8728500009,"8":0.8728500009,"9":0.8728500009},"loss":{"0":0.4317144454,"1":0.2486658692,"2":0.1873422414,"3":0.1169510037,"4":0.1105513573,"5":0.0595692433,"6":0.0548389293,"7":0.0493350998,"8":0.1081609353,"9":0.0352105759},"sparse_categorical_accuracy":{"0":0.798600018,"1":0.9031999707,"2":0.9340000153,"3":0.9643999934,"4":0.9602000117,"5":0.9833999872,"6":0.9836000204,"7":0.9840000272,"8":0.9624000192,"9":0.9901999831},"val_loss":{"0":0.3449413776,"1":0.3379294872,"2":0.3119510412,"3":0.39810583,"4":0.3805196881,"5":0.3971208632,"6":0.4590956569,"7":0.3782175779,"8":0.5155597925,"9":0.6247029305},"val_sparse_categorical_accuracy":{"0":0.8524399996,"1":0.8861200213,"2":0.8818399906,"3":0.8820800185,"4":0.8838800192,"5":0.888199985,"6":0.868719995,"7":0.8408799767,"8":0.8635200262,"9":0.8687599897}}