{"evaluation_accuracy":{"0":0.8651999831,"1":0.8651999831,"2":0.8651999831,"3":0.8651999831,"4":0.8651999831,"5":0.8651999831,"6":0.8651999831,"7":0.8651999831,"8":0.8651999831,"9":0.8651999831},"loss":{"0":0.4227972031,"1":0.2461469918,"2":0.1797928214,"3":0.1173031405,"4":0.0925009921,"5":0.0889403224,"6":0.0627435967,"7":0.0458069108,"8":0.0830963403,"9":0.0331837535},"sparse_categorical_accuracy":{"0":0.800999999,"1":0.9083999991,"2":0.935199976,"3":0.9585999846,"4":0.9711999893,"5":0.967599988,"6":0.9782000184,"7":0.9869999886,"8":0.9714000225,"9":0.9886000156},"val_loss":{"0":0.3185931146,"1":0.4141233563,"2":0.2835048139,"3":0.3231549859,"4":0.4064825773,"5":0.3856307566,"6":0.4429552853,"7":0.5877791643,"8":0.549292028,"9":0.6117674708},"val_sparse_categorical_accuracy":{"0":0.8630399704,"1":0.8186799884,"2":0.8881199956,"3":0.8943200111,"4":0.8739600182,"5":0.8811600208,"6":0.8847600222,"7":0.8689200282,"8":0.8196799755,"9":0.8620399833}}