{"evaluation_accuracy":{"0":0.8647500277,"1":0.8647500277,"2":0.8647500277,"3":0.8647500277,"4":0.8647500277,"5":0.8647500277,"6":0.8647500277,"7":0.8647500277,"8":0.8647500277,"9":0.8647500277},"loss":{"0":0.3875017762,"1":0.2082399875,"2":0.1305472404,"3":0.0919613466,"4":0.0762965977,"5":0.0652656406,"6":0.0419375412,"7":0.0601116754,"8":0.0454786532,"9":0.0399007387},"sparse_categorical_accuracy":{"0":0.8238000274,"1":0.9222000241,"2":0.9524000287,"3":0.9670000076,"4":0.9746000171,"5":0.9787999988,"6":0.9872000217,"7":0.9840000272,"8":0.9855999947,"9":0.9883999825},"val_loss":{"0":0.2855671346,"1":0.4222273529,"2":0.3876491487,"3":0.3905109763,"4":0.3606324494,"5":0.42474702,"6":0.5259729624,"7":0.5261327028,"8":0.5185214281,"9":0.5102792382},"val_sparse_categorical_accuracy":{"0":0.8851600289,"1":0.8453199863,"2":0.8757200241,"3":0.8877999783,"4":0.8869600296,"5":0.8957999945,"6":0.8839200139,"7":0.8603600264,"8":0.868719995,"9":0.8669999838}}