{"evaluation_accuracy":{"0":0.8463500142,"1":0.8463500142,"2":0.8463500142,"3":0.8463500142,"4":0.8463500142,"5":0.8463500142,"6":0.8463500142,"7":0.8463500142,"8":0.8463500142,"9":0.8463500142},"loss":{"0":0.4045656621,"1":0.2113043964,"2":0.1285872608,"3":0.0815314949,"4":0.0700886771,"5":0.0834559128,"6":0.0330714136,"7":0.0340749472,"8":0.0504290946,"9":0.0437031575},"sparse_categorical_accuracy":{"0":0.814800024,"1":0.918200016,"2":0.9570000172,"3":0.9732000232,"4":0.9775999784,"5":0.9720000029,"6":0.9904000163,"7":0.9905999899,"8":0.9818000197,"9":0.9864000082},"val_loss":{"0":0.5086497068,"1":0.2710328698,"2":0.2724804282,"3":0.3408962488,"4":0.4862112105,"5":0.3862581551,"6":0.4275188148,"7":0.4344201088,"8":0.3476496041,"9":0.6045839787},"val_sparse_categorical_accuracy":{"0":0.7706400156,"1":0.8988400102,"2":0.8939599991,"3":0.8936799765,"4":0.8720399737,"5":0.8874400258,"6":0.8860800266,"7":0.8886799812,"8":0.8723999858,"9":0.8417599797}}