{"evaluation_accuracy":{"0":0.502300024,"1":0.502300024,"2":0.502300024,"3":0.502300024},"loss":{"0":0.500819087,"1":0.7004864812,"2":0.7017399073,"3":0.701004982},"sparse_categorical_accuracy":{"0":0.7516000271,"1":0.513899982,"2":0.5044000149,"3":0.502300024},"val_loss":{"0":0.6931815743,"1":0.7088326812,"2":0.6945436597,"3":0.6934540868},"val_sparse_categorical_accuracy":{"0":0.5,"1":0.5,"2":0.5,"3":0.5}}