{"evaluation_accuracy":{"0":0.502300024,"1":0.502300024,"2":0.502300024,"3":0.502300024},"loss":{"0":0.540925324,"1":0.6135430932,"2":0.7022055387,"3":0.7013599873},"sparse_categorical_accuracy":{"0":0.7233999968,"1":0.6316000223,"2":0.5009999871,"3":0.5005999804},"val_loss":{"0":0.4468374252,"1":0.6934623718,"2":0.6998530626,"3":0.7071143985},"val_sparse_categorical_accuracy":{"0":0.8242400289,"1":0.5,"2":0.5,"3":0.5}}