{"evaluation_accuracy":{"0":0.4977000058,"1":0.4977000058,"2":0.4977000058,"3":0.4977000058},"loss":{"0":0.6504933834,"1":0.7030624747,"2":0.7045886517,"3":0.7007628679},"sparse_categorical_accuracy":{"0":0.5716000199,"1":0.4972000122,"2":0.4986999929,"3":0.5016000271},"val_loss":{"0":0.7070254683,"1":0.6933589578,"2":0.6965503097,"3":0.6962951422},"val_sparse_categorical_accuracy":{"0":0.5,"1":0.5,"2":0.5,"3":0.5}}