{"evaluation_accuracy":{"0":0.796299994,"1":0.796299994,"2":0.796299994,"3":0.796299994,"4":0.796299994,"5":0.796299994,"6":0.796299994,"7":0.796299994,"8":0.796299994,"9":0.796299994},"loss":{"0":0.4687683582,"1":0.3112113178,"2":0.2382794917,"3":0.1823566556,"4":0.1194180921,"5":0.1161357909,"6":0.1826141775,"7":0.0839135647,"8":0.0576227233,"9":0.0980635807},"sparse_categorical_accuracy":{"0":0.7730000019,"1":0.8759999871,"2":0.912800014,"3":0.934400022,"4":0.9603999853,"5":0.9624000192,"6":0.9434000254,"7":0.9765999913,"8":0.986199975,"9":0.9735999703},"val_loss":{"0":0.3032492697,"1":0.4302587807,"2":0.3465122581,"3":0.3658290207,"4":0.3571283519,"5":0.4717524946,"6":0.4646567106,"7":0.472478956,"8":0.5787627101,"9":0.8261595964},"val_sparse_categorical_accuracy":{"0":0.8740000129,"1":0.8414000273,"2":0.8689600229,"3":0.8442000151,"4":0.8651599884,"5":0.8493999839,"6":0.8622800112,"7":0.8628000021,"8":0.8661199808,"9":0.7811200023}}