{"evaluation_accuracy":{"0":0.872699976,"1":0.872699976,"2":0.872699976,"3":0.872699976,"4":0.872699976,"5":0.872699976,"6":0.872699976,"7":0.872699976,"8":0.872699976,"9":0.872699976},"loss":{"0":0.4440843165,"1":0.2429975569,"2":0.1474104077,"3":0.088724032,"4":0.0536733344,"5":0.0420299619,"6":0.0503123216,"7":0.05518388,"8":0.0411411151,"9":0.0331584848},"sparse_categorical_accuracy":{"0":0.7951999903,"1":0.9103999734,"2":0.9470000267,"3":0.9697999954,"4":0.981400013,"5":0.9882000089,"6":0.9858000278,"7":0.9801999927,"8":0.9883999825,"9":0.9905999899},"val_loss":{"0":0.3202727437,"1":0.273039192,"2":0.4187619388,"3":0.3634344041,"4":0.4864936769,"5":0.4996973872,"6":0.7231272459,"7":0.4591735899,"8":0.5411981344,"9":0.5064075589},"val_sparse_categorical_accuracy":{"0":0.8759599924,"1":0.8958799839,"2":0.8589199781,"3":0.8778799772,"4":0.8844000101,"5":0.8714399934,"6":0.8279200196,"7":0.8637199998,"8":0.8679999709,"9":0.8697999716}}