{"evaluation_accuracy":{"0":0.8704500198,"1":0.8704500198,"2":0.8704500198,"3":0.8704500198,"4":0.8704500198,"5":0.8704500198,"6":0.8704500198,"7":0.8704500198,"8":0.8704500198},"loss":{"0":0.4205102921,"1":0.22205998,"2":0.1181938499,"3":0.0855125636,"4":0.0774225071,"5":0.053592436,"6":0.0671077669,"7":0.0560347401,"8":0.0548187941},"sparse_categorical_accuracy":{"0":0.8055999875,"1":0.9139999747,"2":0.962199986,"3":0.9721999764,"4":0.9751999974,"5":0.9824000001,"6":0.9769999981,"7":0.980799973,"8":0.9843999743},"val_loss":{"0":0.2714881003,"1":0.2952125072,"2":0.2885478437,"3":0.7438628078,"4":0.5249791145,"5":0.5308004618,"6":0.4981505573,"7":0.3603829741,"8":0.5268933177},"val_sparse_categorical_accuracy":{"0":0.895720005,"1":0.8779199719,"2":0.8889600039,"3":0.8077200055,"4":0.8755999804,"5":0.8533200026,"6":0.8656399846,"7":0.8592000008,"8":0.866599977}}