{"evaluation_accuracy":{"0":0.8629000187,"1":0.8629000187,"2":0.8629000187,"3":0.8629000187,"4":0.8629000187,"5":0.8629000187,"6":0.8629000187,"7":0.8629000187,"8":0.8629000187,"9":0.8629000187},"loss":{"0":0.4278104603,"1":0.225136593,"2":0.1455671489,"3":0.1083327755,"4":0.1086480469,"5":0.0823406577,"6":0.0869120657,"7":0.0667974278,"8":0.0476468615,"9":0.0539759882},"sparse_categorical_accuracy":{"0":0.7960000038,"1":0.9161999822,"2":0.9503999949,"3":0.9638000131,"4":0.9635999799,"5":0.9746000171,"6":0.9738000035,"7":0.9787999988,"8":0.9878000021,"9":0.9846000075},"val_loss":{"0":0.2858401239,"1":0.3456988931,"2":0.3085761368,"3":0.3226011693,"4":0.4581309259,"5":0.3838873506,"6":0.3607426584,"7":0.5248358846,"8":0.6481685042,"9":0.5839751363},"val_sparse_categorical_accuracy":{"0":0.8846799731,"1":0.869599998,"2":0.8909999728,"3":0.8741999865,"4":0.8663600087,"5":0.8578400016,"6":0.8705199957,"7":0.8691200018,"8":0.8692399859,"9":0.8581200242}}