{"evaluation_accuracy":{"0":0.819050014,"1":0.819050014,"2":0.819050014,"3":0.819050014,"4":0.819050014},"loss":{"0":0.46262905,"1":0.2543990314,"2":0.4430038035,"3":0.2594506145,"4":0.2735011578},"sparse_categorical_accuracy":{"0":0.7879999876,"1":0.9068999887,"2":0.7634999752,"3":0.9010000229,"4":0.9013000131},"val_loss":{"0":0.3700293899,"1":0.3219993711,"2":0.5296251178,"3":0.4502567053,"4":0.640784502},"val_sparse_categorical_accuracy":{"0":0.8468000293,"1":0.8718000054,"2":0.7821999788,"3":0.808160007,"4":0.8104000092}}