{"evaluation_accuracy":{"0":0.8248000145,"1":0.8248000145,"2":0.8248000145,"3":0.8248000145,"4":0.8248000145,"5":0.8248000145,"6":0.8248000145,"7":0.8248000145,"8":0.8248000145,"9":0.8248000145},"loss":{"0":0.4548960924,"1":0.2359007299,"2":0.1517077088,"3":0.0960641205,"4":0.0723742768,"5":0.0731031597,"6":0.0423490219,"7":0.0511233658,"8":0.0525715686,"9":0.0324004181},"sparse_categorical_accuracy":{"0":0.7803999782,"1":0.9120000005,"2":0.9449999928,"3":0.9656000137,"4":0.9797999859,"5":0.9771999717,"6":0.9860000014,"7":0.9847999811,"8":0.9833999872,"9":0.991599977},"val_loss":{"0":0.2836900055,"1":0.3161208332,"2":0.2818485498,"3":0.408175081,"4":0.4801030159,"5":0.3792354167,"6":0.4685283899,"7":0.3809511364,"8":0.6481763124,"9":0.7386264801},"val_sparse_categorical_accuracy":{"0":0.8896399736,"1":0.8613600135,"2":0.8831200004,"3":0.8886799812,"4":0.8584399819,"5":0.8849599957,"6":0.8706799746,"7":0.881640017,"8":0.8751199841,"9":0.8131999969}}