{"evaluation_accuracy":{"0":0.4977000058,"1":0.4977000058,"2":0.4977000058,"3":0.4977000058,"4":0.4977000058,"5":0.4977000058},"loss":{"0":0.7056025267,"1":0.700299561,"2":0.699033618,"3":0.701620996,"4":0.6991863847,"5":0.7048333287},"sparse_categorical_accuracy":{"0":0.4972000122,"1":0.5157999992,"2":0.5130000114,"3":0.5059999824,"4":0.508400023,"5":0.4833999872},"val_loss":{"0":0.6931562424,"1":0.6955008507,"2":0.697394073,"3":0.6938307881,"4":0.6937330961,"5":0.6938477159},"val_sparse_categorical_accuracy":{"0":0.5,"1":0.5,"2":0.5,"3":0.5,"4":0.5,"5":0.5}}