{"evaluation_accuracy":{"0":0.8804500103,"1":0.8804500103,"2":0.8804500103,"3":0.8804500103,"4":0.8804500103,"5":0.8804500103,"6":0.8804500103,"7":0.8804500103,"8":0.8804500103,"9":0.8804500103},"loss":{"0":0.3908348382,"1":0.2127309144,"2":0.1239141747,"3":0.1004265994,"4":0.0673247129,"5":0.0580445565,"6":0.0464786701,"7":0.0379314236,"8":0.054214824,"9":0.0310140252},"sparse_categorical_accuracy":{"0":0.8230000138,"1":0.9186000228,"2":0.9588000178,"3":0.9639999866,"4":0.9747999907,"5":0.9800000191,"6":0.9840000272,"7":0.9869999886,"8":0.9832000136,"9":0.9919999838},"val_loss":{"0":0.369699806,"1":0.2892412841,"2":0.2982833087,"3":0.357593447,"4":0.4531881511,"5":0.5152441859,"6":0.5359695554,"7":0.7128049135,"8":0.4485832453,"9":0.4556249976},"val_sparse_categorical_accuracy":{"0":0.8259999752,"1":0.8843200207,"2":0.8912400007,"3":0.8742799759,"4":0.883679986,"5":0.8658000231,"6":0.8820800185,"7":0.8437600136,"8":0.8823199868,"9":0.8765599728}}