{"evaluation_accuracy":{"0":0.200000003,"1":0.200000003,"2":0.200000003,"3":0.200000003,"4":0.200000003,"5":0.200000003,"6":0.200000003,"7":0.200000003,"8":0.200000003,"9":0.200000003},"loss":{"0":0.7066485286,"1":0.6830895543,"2":0.4998942018,"3":0.4578782022,"4":0.3791769445,"5":0.2389252931,"6":0.2096422911,"7":0.1566716731,"8":0.188162595,"9":0.1204904765},"sparse_categorical_accuracy":{"0":0.400000006,"1":0.6000000238,"2":0.8000000119,"3":0.8000000119,"4":0.8000000119,"5":1.0,"6":1.0,"7":1.0,"8":1.0,"9":1.0},"val_loss":{"0":0.6082521677,"1":0.4029636383,"2":0.3797103167,"3":0.3539440632,"4":0.3840129972,"5":0.4232023656,"6":0.3075233102,"7":0.1773354411,"8":0.5210406184,"9":0.4663553834},"val_sparse_categorical_accuracy":{"0":0.8000000119,"1":1.0,"2":0.8999999762,"3":0.8999999762,"4":0.8999999762,"5":0.8999999762,"6":0.8999999762,"7":1.0,"8":0.6999999881,"9":0.8000000119}}