{"evaluation_accuracy":{"0":0.4979000092,"1":0.4979000092,"2":0.4979000092,"3":0.4979000092,"4":0.4979000092,"5":0.4979000092,"6":0.4979000092,"7":0.4979000092,"8":0.4979000092,"9":0.4979000092},"loss":{"0":0.444537878,"1":0.2369820327,"2":0.1701203734,"3":0.1095782742,"4":0.1015187502,"5":0.1288295984,"6":0.0495256372,"7":0.1382014751,"8":0.6831825972,"9":0.7030881643},"sparse_categorical_accuracy":{"0":0.7892000079,"1":0.909799993,"2":0.9408000112,"3":0.9634000063,"4":0.9671999812,"5":0.9548000097,"6":0.9876000285,"7":0.9508000016,"8":0.5195999742,"9":0.4972000122},"val_loss":{"0":0.3290975094,"1":0.3501854241,"2":0.3649280369,"3":0.3071203828,"4":0.411036551,"5":0.4090589583,"6":0.5508960485,"7":0.5996690392,"8":0.7074720263,"9":0.7068080306},"val_sparse_categorical_accuracy":{"0":0.878880024,"1":0.8683999777,"2":0.8618400097,"3":0.8858799934,"4":0.8560000062,"5":0.845600009,"6":0.8681200147,"7":0.7996799946,"8":0.5,"9":0.5000799894}}