{"evaluation_accuracy":{"0":0.4977000058,"1":0.4977000058,"2":0.4977000058,"3":0.4977000058,"4":0.4977000058},"loss":{"0":0.3882292807,"1":0.1983129978,"2":0.5345746279,"3":0.7031002045,"4":0.7008844018},"sparse_categorical_accuracy":{"0":0.8313000202,"1":0.9272999763,"2":0.6596000195,"3":0.494599998,"4":0.5022000074},"val_loss":{"0":0.3181760609,"1":0.3170436621,"2":0.7056555748,"3":0.7085923553,"4":0.6965321898},"val_sparse_categorical_accuracy":{"0":0.8792399764,"1":0.8900399804,"2":0.5,"3":0.5,"4":0.5}}