{"evaluation_accuracy":{"0":0.876850009,"1":0.876850009,"2":0.876850009,"3":0.876850009,"4":0.876850009,"5":0.876850009,"6":0.876850009,"7":0.876850009,"8":0.876850009,"9":0.876850009},"loss":{"0":0.3884157836,"1":0.2380474806,"2":0.1631748527,"3":0.1056536734,"4":0.0831208155,"5":0.0682975203,"6":0.0425161906,"7":0.0981579646,"8":0.1101274416,"9":0.0465911701},"sparse_categorical_accuracy":{"0":0.8306000233,"1":0.9100000262,"2":0.9422000051,"3":0.9639999866,"4":0.9700000286,"5":0.9775999784,"6":0.9865999818,"7":0.9702000022,"8":0.965200007,"9":0.9878000021},"val_loss":{"0":0.33611992,"1":0.2413423806,"2":0.3271061182,"3":0.6929814816,"4":0.313585192,"5":0.3387991786,"6":0.4589891732,"7":0.4979117513,"8":0.4658656716,"9":0.513258934},"val_sparse_categorical_accuracy":{"0":0.8652399778,"1":0.903159976,"2":0.8835600019,"3":0.8279600143,"4":0.8796799779,"5":0.8881199956,"6":0.8755199909,"7":0.8651199937,"8":0.8752400279,"9":0.8750799894}}