{"evaluation_accuracy":{"0":0.4977000058,"1":0.4977000058,"2":0.4977000058,"3":0.4977000058,"4":0.4977000058,"5":0.4977000058,"6":0.4977000058,"7":0.4977000058,"8":0.4977000058,"9":0.4977000058},"loss":{"0":0.452716738,"1":0.2730024159,"2":0.1681110412,"3":0.102944456,"4":0.0737798214,"5":0.0998581797,"6":0.0732719377,"7":0.5507146716,"8":0.7071938515,"9":0.6995518804},"sparse_categorical_accuracy":{"0":0.7778000236,"1":0.8873999715,"2":0.9404000044,"3":0.9674000144,"4":0.9764000177,"5":0.9649999738,"6":0.9769999981,"7":0.6434000134,"8":0.483799994,"9":0.5126000047},"val_loss":{"0":0.3362840116,"1":0.2979702353,"2":0.3196128905,"3":0.3369094133,"4":0.3818276525,"5":0.416569829,"6":0.4607026577,"7":0.706781745,"8":0.7279099822,"9":0.6942753196},"val_sparse_categorical_accuracy":{"0":0.8456799984,"1":0.8843600154,"2":0.885800004,"3":0.8729599714,"4":0.8757600188,"5":0.8597999811,"6":0.8754400015,"7":0.5,"8":0.5,"9":0.5}}