{"evaluation_accuracy":{"0":0.3000000119,"1":0.3000000119,"2":0.3000000119,"3":0.3000000119,"4":0.3000000119,"5":0.3000000119,"6":0.3000000119,"7":0.3000000119,"8":0.3000000119,"9":0.3000000119},"loss":{"0":0.7202463746,"1":0.6559991837,"2":0.5644336343,"3":0.4597526491,"4":0.445520401,"5":0.342317313,"6":0.2597895265,"7":0.1896018684,"8":0.1721492559,"9":0.1380360276},"sparse_categorical_accuracy":{"0":0.5,"1":0.5,"2":0.6000000238,"3":0.6000000238,"4":0.6999999881,"5":0.8999999762,"6":1.0,"7":1.0,"8":1.0,"9":1.0},"val_loss":{"0":0.6807328463,"1":0.2614708841,"2":0.2619418502,"3":0.372322768,"4":0.4171276987,"5":0.4043110013,"6":0.5055625439,"7":0.6743377447,"8":0.8231346011,"9":0.8159939051},"val_sparse_categorical_accuracy":{"0":0.6000000238,"1":1.0,"2":1.0,"3":1.0,"4":1.0,"5":0.8000000119,"6":0.6999999881,"7":0.5,"8":0.5,"9":0.5}}