{"evaluation_accuracy":{"0":0.8722000122,"1":0.8722000122,"2":0.8722000122,"3":0.8722000122,"4":0.8722000122,"5":0.8722000122,"6":0.8722000122,"7":0.8722000122,"8":0.8722000122,"9":0.8722000122},"loss":{"0":0.3859300017,"1":0.2238263488,"2":0.1636514664,"3":0.0926696286,"4":0.0934717804,"5":0.0736518875,"6":0.0612783507,"7":0.0392552651,"8":0.0518379882,"9":0.0425334051},"sparse_categorical_accuracy":{"0":0.8316000104,"1":0.9178000093,"2":0.9401999712,"3":0.9689999819,"4":0.9685999751,"5":0.975399971,"6":0.9789999723,"7":0.9890000224,"8":0.9840000272,"9":0.986199975},"val_loss":{"0":0.3116505146,"1":0.3942570984,"2":0.2970950007,"3":0.3481617868,"4":0.4848899245,"5":0.3583563566,"6":0.3707446456,"7":0.4501165748,"8":0.4537396133,"9":0.6071076989},"val_sparse_categorical_accuracy":{"0":0.8640400171,"1":0.8515999913,"2":0.8931999803,"3":0.8807600141,"4":0.8791999817,"5":0.8931199908,"6":0.881280005,"7":0.8773599863,"8":0.8726400137,"9":0.864560008}}