{"evaluation_accuracy":{"0":0.400000006,"1":0.400000006,"2":0.400000006,"3":0.400000006,"4":0.400000006,"5":0.400000006,"6":0.400000006,"7":0.400000006,"8":0.400000006,"9":0.400000006},"loss":{"0":0.686195612,"1":0.6923695803,"2":0.6043435335,"3":0.4805503488,"4":0.3783017695,"5":0.3737159371,"6":0.3201172352,"7":0.2461371869,"8":0.2123821527,"9":0.1331326962},"sparse_categorical_accuracy":{"0":0.6000000238,"1":0.6000000238,"2":0.6000000238,"3":0.8000000119,"4":0.8999999762,"5":1.0,"6":1.0,"7":0.8999999762,"8":1.0,"9":1.0},"val_loss":{"0":0.4851503372,"1":0.3947213292,"2":0.3855362535,"3":0.4439421594,"4":0.5339130163,"5":0.6467651725,"6":0.5462546945,"7":0.2861415744,"8":0.1740811765,"9":0.1517373025},"val_sparse_categorical_accuracy":{"0":1.0,"1":1.0,"2":1.0,"3":1.0,"4":0.8000000119,"5":0.5,"6":0.6999999881,"7":0.8999999762,"8":0.8999999762,"9":0.8999999762}}