{"evaluation_accuracy":{"0":0.400000006,"1":0.400000006,"2":0.400000006,"3":0.400000006,"4":0.400000006,"5":0.400000006,"6":0.400000006,"7":0.400000006,"8":0.400000006,"9":0.400000006},"loss":{"0":0.6466849446,"1":0.7148183584,"2":0.619792819,"3":0.5402148962,"4":0.4682117403,"5":0.4916762412,"6":0.360992372,"7":0.3086850047,"8":0.2688735127,"9":0.2333374321},"sparse_categorical_accuracy":{"0":0.6000000238,"1":0.6000000238,"2":0.6999999881,"3":0.6000000238,"4":0.6999999881,"5":0.6000000238,"6":0.8000000119,"7":0.8000000119,"8":0.8999999762,"9":0.8999999762},"val_loss":{"0":0.6369256377,"1":0.6258586645,"2":0.4622918665,"3":0.3283748031,"4":0.2412070334,"5":0.2020512521,"6":0.1741312891,"7":0.1766160727,"8":0.1793898046,"9":0.178907901},"val_sparse_categorical_accuracy":{"0":0.8999999762,"1":1.0,"2":1.0,"3":1.0,"4":1.0,"5":1.0,"6":1.0,"7":1.0,"8":0.8999999762,"9":0.8999999762}}