{"evaluation_accuracy":{"0":0.8768000007,"1":0.8768000007,"2":0.8768000007,"3":0.8768000007,"4":0.8768000007,"5":0.8768000007,"6":0.8768000007,"7":0.8768000007,"8":0.8768000007},"loss":{"0":0.4079777002,"1":0.2260705084,"2":0.1309166849,"3":0.0958780274,"4":0.0598314218,"5":0.0493584648,"6":0.0590992905,"7":0.055939775,"8":0.0515705794},"sparse_categorical_accuracy":{"0":0.8158000112,"1":0.9160000086,"2":0.9566000104,"3":0.9656000137,"4":0.9811999798,"5":0.9847999811,"6":0.9800000191,"7":0.9850000143,"8":0.9846000075},"val_loss":{"0":0.30574435,"1":0.2803772092,"2":0.3644287884,"3":0.3017151356,"4":0.3971684277,"5":0.4613826871,"6":0.5468985438,"7":0.4690043032,"8":0.5220606923},"val_sparse_categorical_accuracy":{"0":0.8721200228,"1":0.8917599916,"2":0.8805999756,"3":0.8928400278,"4":0.8781999946,"5":0.8740800023,"6":0.8708000183,"7":0.8740800023,"8":0.8760399818}}