{"evaluation_accuracy":{"0":0.5,"1":0.5,"2":0.5,"3":0.5,"4":0.5,"5":0.5,"6":0.5,"7":0.5,"8":0.5,"9":0.5},"loss":{"0":0.6184237599,"1":0.6270099282,"2":0.5706633329,"3":0.4536115527,"4":0.4002079368,"5":0.2882393599,"6":0.2350699902,"7":0.2666165233,"8":0.1756085753,"9":0.1742996275},"sparse_categorical_accuracy":{"0":0.6999999881,"1":0.6000000238,"2":0.6000000238,"3":0.6999999881,"4":0.8000000119,"5":0.8999999762,"6":0.8999999762,"7":0.8000000119,"8":1.0,"9":0.8999999762},"val_loss":{"0":0.4813670516,"1":0.4267447889,"2":0.3519161046,"3":0.3162331283,"4":0.32701841,"5":0.3130158782,"6":0.251350373,"7":0.1743744016,"8":0.1150099188,"9":0.0906080976},"val_sparse_categorical_accuracy":{"0":1.0,"1":1.0,"2":1.0,"3":1.0,"4":1.0,"5":1.0,"6":1.0,"7":1.0,"8":1.0,"9":1.0}}