{"evaluation_accuracy":{"0":0.8525000215,"1":0.8525000215,"2":0.8525000215,"3":0.8525000215,"4":0.8525000215,"5":0.8525000215,"6":0.8525000215,"7":0.8525000215,"8":0.8525000215,"9":0.8525000215},"loss":{"0":0.3742302358,"1":0.2421969771,"2":0.2132722586,"3":0.107716769,"4":0.1035489291,"5":0.074315697,"6":0.0718206391,"7":0.065425083,"8":0.0812834874,"9":0.1001477391},"sparse_categorical_accuracy":{"0":0.8349999785,"1":0.9115999937,"2":0.9251999855,"3":0.9649999738,"4":0.9649999738,"5":0.9779999852,"6":0.9733999968,"7":0.9786000252,"8":0.9738000035,"9":0.9678000212},"val_loss":{"0":0.2597363293,"1":0.41849038,"2":0.3325871229,"3":0.3291147351,"4":0.5387308598,"5":0.3581744134,"6":0.4878349602,"7":0.4685713947,"8":0.576925993,"9":0.5940140486},"val_sparse_categorical_accuracy":{"0":0.8900399804,"1":0.8342000246,"2":0.8891599774,"3":0.8775600195,"4":0.8662400246,"5":0.8882799745,"6":0.800999999,"7":0.8812400103,"8":0.8472800255,"9":0.8476799726}}