{"evaluation_accuracy":{"0":0.3000000119,"1":0.3000000119,"2":0.3000000119,"3":0.3000000119,"4":0.3000000119,"5":0.3000000119,"6":0.3000000119,"7":0.3000000119,"8":0.3000000119,"9":0.3000000119},"loss":{"0":0.6485997438,"1":0.5906735063,"2":0.4797796607,"3":0.3907517791,"4":0.3139446378,"5":0.2419352829,"6":0.2069702148,"7":0.1355060339,"8":0.1492919028,"9":0.1129492298},"sparse_categorical_accuracy":{"0":0.6000000238,"1":0.6000000238,"2":1.0,"3":1.0,"4":1.0,"5":1.0,"6":1.0,"7":1.0,"8":1.0,"9":1.0},"val_loss":{"0":0.5424740314,"1":0.5997174978,"2":0.3665960431,"3":0.3411639333,"4":0.2859746516,"5":0.2390933037,"6":0.242410928,"7":0.2665742934,"8":0.2903385162,"9":0.3064801693},"val_sparse_categorical_accuracy":{"0":1.0,"1":0.8000000119,"2":1.0,"3":0.8999999762,"4":0.8999999762,"5":0.8999999762,"6":0.8999999762,"7":0.8000000119,"8":0.8000000119,"9":0.8000000119}}