{"evaluation_accuracy":{"0":0.8637999892,"1":0.8637999892,"2":0.8637999892,"3":0.8637999892,"4":0.8637999892,"5":0.8637999892,"6":0.8637999892,"7":0.8637999892,"8":0.8637999892,"9":0.8637999892},"loss":{"0":0.433668226,"1":0.2398051471,"2":0.137187615,"3":0.0956302211,"4":0.0675255805,"5":0.0728061795,"6":0.054004211,"7":0.1870193034,"8":0.1900503486,"9":0.1371294856},"sparse_categorical_accuracy":{"0":0.8015999794,"1":0.909799993,"2":0.9521999955,"3":0.9670000076,"4":0.9782000184,"5":0.9743999839,"6":0.9828000069,"7":0.943599999,"8":0.935199976,"9":0.9580000043},"val_loss":{"0":0.2965626419,"1":0.3190879822,"2":0.3293958604,"3":0.2991414964,"4":0.3586750031,"5":0.4042735696,"6":0.5705106854,"7":0.5074563026,"8":0.5886628032,"9":0.4333745837},"val_sparse_categorical_accuracy":{"0":0.8784800172,"1":0.8789200187,"2":0.8756399751,"3":0.8939999938,"4":0.8779199719,"5":0.8694400191,"6":0.8648800254,"7":0.8349999785,"8":0.8434000015,"9":0.8589599729}}