{"evaluation_accuracy":{"0":0.4977000058,"1":0.4977000058,"2":0.4977000058,"3":0.4977000058,"4":0.4977000058,"5":0.4977000058,"6":0.4977000058,"7":0.4977000058,"8":0.4977000058,"9":0.4977000058},"loss":{"0":0.5278384089,"1":0.2811943591,"2":0.1852635443,"3":0.1318915486,"4":0.105023697,"5":0.1016011089,"6":0.091129452,"7":0.0448826887,"8":0.0357350297,"9":0.533575654},"sparse_categorical_accuracy":{"0":0.731400013,"1":0.8862000108,"2":0.9304000139,"3":0.9562000036,"4":0.9666000009,"5":0.9649999738,"6":0.9710000157,"7":0.9851999879,"8":0.9909999967,"9":0.6697999835},"val_loss":{"0":0.3749089539,"1":0.4346647561,"2":0.3597728014,"3":0.3408092558,"4":0.3727813661,"5":0.5374423265,"6":0.4368636608,"7":0.6954590678,"8":0.5233051181,"9":0.6972654462},"val_sparse_categorical_accuracy":{"0":0.8166400194,"1":0.7199199796,"2":0.886680007,"3":0.8695600033,"4":0.8779199719,"5":0.8724799752,"6":0.8604800105,"7":0.8508399725,"8":0.854640007,"9":0.5}}