{"evaluation_accuracy":{"0":0.8816000223,"1":0.8816000223,"2":0.8816000223,"3":0.8816000223,"4":0.8816000223,"5":0.8816000223,"6":0.8816000223,"7":0.8816000223,"8":0.8816000223,"9":0.8816000223},"loss":{"0":0.3956747055,"1":0.229737252,"2":0.1428786665,"3":0.1110469103,"4":0.0732960999,"5":0.0594625808,"6":0.0665445104,"7":0.0668444261,"8":0.0389370956,"9":0.0283456519},"sparse_categorical_accuracy":{"0":0.8217999935,"1":0.9196000099,"2":0.9516000152,"3":0.9635999799,"4":0.9786000252,"5":0.9805999994,"6":0.9775999784,"7":0.9779999852,"8":0.9864000082,"9":0.991599977},"val_loss":{"0":0.442150712,"1":0.2727502286,"2":0.3426066041,"3":0.3075508475,"4":0.4362007082,"5":0.4748450518,"6":0.4318490922,"7":0.4286342859,"8":0.4542425871,"9":0.5127516389},"val_sparse_categorical_accuracy":{"0":0.8141599894,"1":0.8980399966,"2":0.8718799949,"3":0.884920001,"4":0.8691200018,"5":0.8557599783,"6":0.878000021,"7":0.8565999866,"8":0.8776000142,"9":0.8797600269}}