{"evaluation_accuracy":{"0":0.4978500009,"1":0.4978500009,"2":0.4978500009,"3":0.4978500009,"4":0.4978500009,"5":0.4978500009,"6":0.4978500009,"7":0.4978500009,"8":0.4978500009,"9":0.4978500009},"loss":{"0":0.4883468151,"1":0.2784751356,"2":0.1368750781,"3":0.1197634265,"4":0.0811197609,"5":0.0601742193,"6":0.0602968,"7":0.0258761235,"8":0.2813220322,"9":0.7043038607},"sparse_categorical_accuracy":{"0":0.7519999743,"1":0.8884000182,"2":0.9531999826,"3":0.9577999711,"4":0.9732000232,"5":0.9843999743,"6":0.9822000265,"7":0.992200017,"8":0.8342000246,"9":0.4930000007},"val_loss":{"0":0.3134750724,"1":0.2915066779,"2":0.3039196432,"3":0.4444846213,"4":0.4257254303,"5":0.4254275858,"6":0.4093475342,"7":0.7887285352,"8":0.727193892,"9":0.6937539577},"val_sparse_categorical_accuracy":{"0":0.8697999716,"1":0.877120018,"2":0.8843600154,"3":0.8608400226,"4":0.8840000033,"5":0.8757600188,"6":0.8826400042,"7":0.8691999912,"8":0.5,"9":0.5000799894}}