{"evaluation_accuracy":{"0":0.8625500202,"1":0.8625500202,"2":0.8625500202,"3":0.8625500202,"4":0.8625500202,"5":0.8625500202,"6":0.8625500202,"7":0.8625500202,"8":0.8625500202,"9":0.8625500202},"loss":{"0":0.3917258978,"1":0.2241064012,"2":0.1341093928,"3":0.0859879851,"4":0.0684210956,"5":0.0604520515,"6":0.0549702011,"7":0.0461998172,"8":0.0244653411,"9":0.0370578133},"sparse_categorical_accuracy":{"0":0.8223999739,"1":0.9186000228,"2":0.9516000152,"3":0.9696000218,"4":0.9750000238,"5":0.9840000272,"6":0.9829999804,"7":0.9858000278,"8":0.9919999838,"9":0.9883999825},"val_loss":{"0":0.3619375825,"1":0.244813323,"2":0.3101744056,"3":0.380319804,"4":0.3579750657,"5":0.3785497546,"6":0.4593659043,"7":0.5113790631,"8":0.8690629005,"9":0.8936326504},"val_sparse_categorical_accuracy":{"0":0.8412799835,"1":0.9019200206,"2":0.8903599977,"3":0.8745200038,"4":0.8880000114,"5":0.8781599998,"6":0.8542000055,"7":0.8713999987,"8":0.8381999731,"9":0.8550400138}}