{"evaluation_accuracy":{"0":0.400000006,"1":0.400000006,"2":0.400000006,"3":0.400000006,"4":0.400000006,"5":0.400000006,"6":0.400000006,"7":0.400000006,"8":0.400000006,"9":0.400000006},"loss":{"0":0.8052126169,"1":0.7245584726,"2":0.6108139753,"3":0.5344696045,"4":0.4384504259,"5":0.3551258743,"6":0.3196718097,"7":0.2402279079,"8":0.1955613047,"9":0.1742287874},"sparse_categorical_accuracy":{"0":0.3000000119,"1":0.5,"2":0.6999999881,"3":0.8000000119,"4":0.8000000119,"5":0.8999999762,"6":0.8999999762,"7":1.0,"8":1.0,"9":1.0},"val_loss":{"0":0.7694368362,"1":0.6160313487,"2":0.5857242346,"3":0.4962236285,"4":0.3776248991,"5":0.4015544355,"6":0.3751269281,"7":0.2595454752,"8":0.2120023221,"9":0.2391164303},"val_sparse_categorical_accuracy":{"0":0.3000000119,"1":0.8000000119,"2":0.8000000119,"3":0.8999999762,"4":0.8999999762,"5":0.8999999762,"6":0.8999999762,"7":1.0,"8":0.8999999762,"9":0.8999999762}}