{"evaluation_accuracy":{"0":0.8705000281,"1":0.8705000281,"2":0.8705000281,"3":0.8705000281,"4":0.8705000281,"5":0.8705000281,"6":0.8705000281,"7":0.8705000281,"8":0.8705000281,"9":0.8705000281},"loss":{"0":0.4309553802,"1":0.2356964797,"2":0.1464034766,"3":0.0772565529,"4":0.0713156015,"5":0.0535687618,"6":0.0446427353,"7":0.0341578126,"8":0.0287294351,"9":0.0365130715},"sparse_categorical_accuracy":{"0":0.7961999774,"1":0.9079999924,"2":0.9473999739,"3":0.9721999764,"4":0.9765999913,"5":0.983799994,"6":0.9864000082,"7":0.9886000156,"8":0.9904000163,"9":0.9876000285},"val_loss":{"0":0.2723655105,"1":0.3564015329,"2":0.351074487,"3":0.465760231,"4":0.3232528567,"5":0.4006517529,"6":0.5065895915,"7":0.5007150769,"8":0.4731401205,"9":0.7111949921},"val_sparse_categorical_accuracy":{"0":0.8905599713,"1":0.845879972,"2":0.8690800071,"3":0.8039600253,"4":0.8876000047,"5":0.8862400055,"6":0.8797199726,"7":0.876240015,"8":0.8651199937,"9":0.8685600162}}