{"evaluation_accuracy":{"0":0.8583499789,"1":0.8583499789,"2":0.8583499789,"3":0.8583499789,"4":0.8583499789,"5":0.8583499789,"6":0.8583499789,"7":0.8583499789,"8":0.8583499789},"loss":{"0":0.4172147512,"1":0.2221491039,"2":0.1287263036,"3":0.0906046852,"4":0.0504682511,"5":0.0419797674,"6":0.1341060251,"7":0.104403846,"8":0.1434427053},"sparse_categorical_accuracy":{"0":0.8082000017,"1":0.9129999876,"2":0.9552000165,"3":0.9720000029,"4":0.9840000272,"5":0.9858000278,"6":0.9559999704,"7":0.967599988,"8":0.9562000036},"val_loss":{"0":0.2614694238,"1":0.3185402453,"2":0.3623683155,"3":0.2798108757,"4":0.5574769974,"5":0.4831310213,"6":0.45119977,"7":0.4363541305,"8":0.485193789},"val_sparse_categorical_accuracy":{"0":0.8962799907,"1":0.8801599741,"2":0.8747599721,"3":0.8907200098,"4":0.8565999866,"5":0.88191998,"6":0.8614799976,"7":0.8646399975,"8":0.8532400131}}