{"evaluation_accuracy":{"0":0.4977000058,"1":0.4977000058,"2":0.4977000058,"3":0.4977000058},"loss":{"0":0.6975380182,"1":0.6990557909,"2":0.701569736,"3":0.7040207386},"sparse_categorical_accuracy":{"0":0.5260999799,"1":0.5126000047,"2":0.4977000058,"3":0.4997999966},"val_loss":{"0":0.6940307617,"1":0.6939149499,"2":0.6946152449,"3":0.6984776855},"val_sparse_categorical_accuracy":{"0":0.5,"1":0.5,"2":0.5,"3":0.5}}