{"evaluation_accuracy":{"0":0.5,"1":0.5,"2":0.5,"3":0.5,"4":0.5,"5":0.5,"6":0.5,"7":0.5,"8":0.5,"9":0.5},"loss":{"0":0.7195869088,"1":0.6356028318,"2":0.6121478081,"3":0.535721302,"4":0.4756828249,"5":0.3849156499,"6":0.3172159493,"7":0.2518057227,"8":0.1786830276,"9":0.1311466247},"sparse_categorical_accuracy":{"0":0.6000000238,"1":0.6000000238,"2":0.6000000238,"3":0.6999999881,"4":0.6999999881,"5":1.0,"6":0.8999999762,"7":1.0,"8":1.0,"9":1.0},"val_loss":{"0":0.4469524324,"1":0.3928959668,"2":0.3965970576,"3":0.4352505803,"4":0.5105518103,"5":0.3840831816,"6":0.284547776,"7":0.2387328893,"8":0.2721337378,"9":0.3650093675},"val_sparse_categorical_accuracy":{"0":1.0,"1":1.0,"2":1.0,"3":1.0,"4":0.8999999762,"5":0.8999999762,"6":1.0,"7":0.8999999762,"8":0.8999999762,"9":0.8999999762}}