{"evaluation_accuracy":{"0":0.3000000119,"1":0.3000000119,"2":0.3000000119,"3":0.3000000119,"4":0.3000000119,"5":0.3000000119,"6":0.3000000119,"7":0.3000000119,"8":0.3000000119,"9":0.3000000119},"loss":{"0":0.7809491158,"1":0.6467431784,"2":0.551668644,"3":0.4734528959,"4":0.4040193558,"5":0.2931678891,"6":0.2249328196,"7":0.2023147643,"8":0.155670166,"9":0.1276664883},"sparse_categorical_accuracy":{"0":0.3000000119,"1":0.400000006,"2":0.6999999881,"3":0.8000000119,"4":1.0,"5":1.0,"6":1.0,"7":1.0,"8":1.0,"9":1.0},"val_loss":{"0":0.6250705123,"1":0.4219918847,"2":0.4270073771,"3":0.486536324,"4":0.4518492818,"5":0.39605546,"6":0.335753262,"7":0.2927079499,"8":0.2658524513,"9":0.2824068666},"val_sparse_categorical_accuracy":{"0":0.6999999881,"1":1.0,"2":0.8999999762,"3":0.8000000119,"4":0.8000000119,"5":0.8999999762,"6":0.8999999762,"7":0.8999999762,"8":0.8999999762,"9":0.8999999762}}