{"evaluation_accuracy":{"0":0.3000000119,"1":0.3000000119,"2":0.3000000119,"3":0.3000000119,"4":0.3000000119,"5":0.3000000119,"6":0.3000000119,"7":0.3000000119,"8":0.3000000119,"9":0.3000000119},"loss":{"0":0.6849758029,"1":0.7159010172,"2":0.609355092,"3":0.598615706,"4":0.549583137,"5":0.4729923308,"6":0.4441866279,"7":0.3255524635,"8":0.2692432702,"9":0.2333232462},"sparse_categorical_accuracy":{"0":0.5,"1":0.6000000238,"2":0.8000000119,"3":0.8000000119,"4":0.8999999762,"5":1.0,"6":1.0,"7":1.0,"8":1.0,"9":1.0},"val_loss":{"0":0.5938382149,"1":0.5744383931,"2":0.5622134805,"3":0.5780115724,"4":0.6118187904,"5":0.5959513783,"6":0.6354652643,"7":0.7457813025,"8":0.7432765961,"9":0.7500385046},"val_sparse_categorical_accuracy":{"0":1.0,"1":1.0,"2":1.0,"3":1.0,"4":0.6999999881,"5":0.6999999881,"6":0.6999999881,"7":0.6000000238,"8":0.6000000238,"9":0.6000000238}}