{"evaluation_accuracy":{"0":0.8591499925,"1":0.8591499925,"2":0.8591499925,"3":0.8591499925,"4":0.8591499925,"5":0.8591499925,"6":0.8591499925,"7":0.8591499925,"8":0.8591499925,"9":0.8591499925},"loss":{"0":0.4219143093,"1":0.2301689982,"2":0.141379267,"3":0.0819503516,"4":0.0626560152,"5":0.0458919816,"6":0.0523833185,"7":0.0431358106,"8":0.0536446534,"9":0.0717751533},"sparse_categorical_accuracy":{"0":0.8001999855,"1":0.9078000188,"2":0.9494000077,"3":0.9714000225,"4":0.9810000062,"5":0.9832000136,"6":0.9840000272,"7":0.9879999757,"8":0.9819999933,"9":0.9765999913},"val_loss":{"0":0.2814690173,"1":0.3004775345,"2":0.2850576639,"3":0.3452162743,"4":0.4211380482,"5":0.5588283539,"6":0.4165304601,"7":0.5300917029,"8":0.4784027338,"9":0.3944559395},"val_sparse_categorical_accuracy":{"0":0.8906000257,"1":0.8853200078,"2":0.8798000216,"3":0.8918799758,"4":0.888199985,"5":0.8649600148,"6":0.8911200166,"7":0.8799999952,"8":0.8686000109,"9":0.8598399758}}