{"evaluation_accuracy":{"0":0.7794548869,"1":0.7794548869,"2":0.7794548869,"3":0.7794548869,"4":0.7794548869,"5":0.7794548869,"6":0.7794548869,"7":0.7794548869,"8":0.7794548869,"9":0.7794548869},"loss":{"0":0.4474183619,"1":0.1154946089,"2":0.0516663715,"3":0.035381604,"4":0.0422904491,"5":0.0356679037,"6":0.0148680964,"7":0.0167872757,"8":0.0483990125,"9":0.0294132363},"sparse_categorical_accuracy":{"0":0.7798944712,"1":0.9613130093,"2":0.9821219444,"3":0.9900351763,"4":0.9891559482,"5":0.9891559482,"6":0.9950175881,"7":0.9961898923,"8":0.9838804007,"9":0.9897421002},"val_loss":{"0":0.5389571786,"1":0.869443655,"2":0.8553832769,"3":1.1765242815,"4":0.8147937059,"5":0.9289640188,"6":1.4643107653,"7":1.1761617661,"8":0.8408179283,"9":1.0812256336},"val_sparse_categorical_accuracy":{"0":0.7495309711,"1":0.7814258933,"2":0.7833020687,"3":0.7842401266,"4":0.7851782441,"5":0.7757973671,"6":0.7682926655,"7":0.7701688409,"8":0.7833020687,"9":0.7701688409}}