{"evaluation_accuracy":{"0":0.7889800668,"1":0.7889800668,"2":0.7889800668,"3":0.7889800668,"4":0.7889800668,"5":0.7889800668,"6":0.7889800668,"7":0.7889800668,"8":0.7889800668,"9":0.7889800668},"loss":{"0":0.4047922492,"1":0.125622049,"2":0.0703241304,"3":0.0539234169,"4":0.0281374082,"5":0.0294814333,"6":0.0401565358,"7":0.0171635225,"8":0.0133264642,"9":0.0293538366},"sparse_categorical_accuracy":{"0":0.8168230057,"1":0.9557444453,"2":0.9786049128,"3":0.9815357327,"4":0.9906213284,"5":0.9894490242,"6":0.9879835844,"7":0.99413836,"8":0.99706918,"9":0.9903282523},"val_loss":{"0":0.8931848407,"1":0.7988680601,"2":0.7024894357,"3":1.2693285942,"4":0.842217207,"5":1.3595753908,"6":1.225728631,"7":1.1171982288,"8":0.8557098508,"9":1.4808306694},"val_sparse_categorical_accuracy":{"0":0.7129455805,"1":0.7936210036,"2":0.7823639512,"3":0.7232645154,"4":0.7917448282,"5":0.7457786202,"6":0.7823639512,"7":0.8039399385,"8":0.7570356727,"9":0.7589118481}}