{"evaluation_accuracy":{"0":0.7630422115,"1":0.7630422115,"2":0.7630422115,"3":0.7630422115,"4":0.7630422115,"5":0.7630422115,"6":0.7630422115,"7":0.7630422115},"loss":{"0":0.434643656,"1":0.1324033439,"2":0.0806863979,"3":0.0511493795,"4":0.0249411445,"5":0.0262330715,"6":0.0507383794,"7":0.0841723457},"sparse_categorical_accuracy":{"0":0.8039273024,"1":0.9577960372,"2":0.9739155769,"3":0.9844666123,"4":0.9915005565,"5":0.9920867682,"6":0.9838804007,"7":0.9777256846},"val_loss":{"0":0.5162441134,"1":0.8524156213,"2":0.7902957797,"3":1.0369707346,"4":1.2170284986,"5":1.388158083,"6":0.7704319358,"7":0.7204031944},"val_sparse_categorical_accuracy":{"0":0.7908067703,"1":0.7795497179,"2":0.7973733544,"3":0.786116302,"4":0.7879924774,"5":0.7288930416,"6":0.7373358607,"7":0.730769217}}