{"evaluation_accuracy":{"0":0.7878077626,"1":0.7878077626,"2":0.7878077626,"3":0.7878077626,"4":0.7878077626,"5":0.7878077626,"6":0.7878077626,"7":0.7878077626,"8":0.7878077626,"9":0.7878077626},"loss":{"0":0.6210617423,"1":0.4295725524,"2":0.2291488498,"3":0.111945793,"4":0.0372343957,"5":0.039415855,"6":0.029635841,"7":0.0232623499,"8":0.0495657213,"9":0.0715809166},"sparse_categorical_accuracy":{"0":0.6465415955,"1":0.8264947534,"2":0.9191090465,"3":0.9642438293,"4":0.9859319925,"5":0.9876905084,"6":0.9923798442,"7":0.9923798442,"8":0.9818288684,"9":0.9753810167},"val_loss":{"0":0.5106096864,"1":0.5408710837,"2":0.6369273067,"3":0.6284006238,"4":1.0299253464,"5":0.8456635475,"6":0.8491403461,"7":0.9875584245,"8":1.0941628218,"9":0.9616072774},"val_sparse_categorical_accuracy":{"0":0.7945591211,"1":0.7495309711,"2":0.7729831338,"3":0.7879924774,"4":0.7879924774,"5":0.7814258933,"6":0.7851782441,"7":0.77861166,"8":0.7804877758,"9":0.7851782441}}