{"evaluation_accuracy":{"0":0.6969519258,"1":0.6969519258,"2":0.6969519258,"3":0.6969519258,"4":0.6969519258,"5":0.6969519258,"6":0.6969519258,"7":0.6969519258,"8":0.6969519258,"9":0.6969519258},"loss":{"0":0.5568511486,"1":0.3930083811,"2":0.2253137529,"3":0.1285316348,"4":0.1057724655,"5":0.0884113759,"6":0.0666568875,"7":0.0643319041,"8":0.025705684,"9":0.0258656926},"sparse_categorical_accuracy":{"0":0.6975380778,"1":0.8464244008,"2":0.9232121706,"3":0.9613130093,"4":0.971277833,"5":0.9753810167,"6":0.9800703526,"7":0.9788979888,"8":0.9935521483,"9":0.99413836},"val_loss":{"0":0.5259605646,"1":0.502483964,"2":0.6722146273,"3":0.6738854647,"4":0.8111057878,"5":0.7196437716,"6":1.03827703,"7":0.7847019434,"8":0.9180538058,"9":1.281191349},"val_sparse_categorical_accuracy":{"0":0.7382739186,"1":0.7842401266,"2":0.7804877758,"3":0.7711069584,"4":0.7898686528,"5":0.7879924774,"6":0.7560975552,"7":0.7898686528,"8":0.7729831338,"9":0.6829268336}}