{"evaluation_accuracy":{"0":0.6999999881,"1":0.6999999881,"2":0.6999999881,"3":0.6999999881,"4":0.6999999881,"5":0.6999999881,"6":0.6999999881,"7":0.6999999881,"8":0.6999999881,"9":0.6999999881},"loss":{"0":0.7498238087,"1":0.5591033101,"2":0.450902313,"3":0.3022195399,"4":0.243197605,"5":0.2082672864,"6":0.1739894748,"7":0.1225897893,"8":0.0858180448,"9":0.1279956102},"sparse_categorical_accuracy":{"0":0.3000000119,"1":0.8999999762,"2":0.8999999762,"3":1.0,"4":1.0,"5":1.0,"6":1.0,"7":1.0,"8":1.0,"9":1.0},"val_loss":{"0":0.5898635983,"1":0.7451816797,"2":1.0343729258,"3":1.4024070501,"4":1.4915144444,"5":1.5738332272,"6":1.5258257389,"7":1.7317634821,"8":1.5383889675,"9":2.510923624},"val_sparse_categorical_accuracy":{"0":0.8999999762,"1":0.200000003,"2":0.200000003,"3":0.200000003,"4":0.200000003,"5":0.200000003,"6":0.3000000119,"7":0.3000000119,"8":0.3000000119,"9":0.200000003}}