{"evaluation_accuracy":{"0":0.7794548869,"1":0.7794548869,"2":0.7794548869,"3":0.7794548869,"4":0.7794548869,"5":0.7794548869,"6":0.7794548869,"7":0.7794548869,"8":0.7794548869,"9":0.7794548869},"loss":{"0":0.4394481182,"1":0.1122851521,"2":0.0511947349,"3":0.0645928308,"4":0.0355147272,"5":0.0564869046,"6":0.0391781516,"7":0.0112422584,"8":0.0363634564,"9":0.0264478307},"sparse_categorical_accuracy":{"0":0.8001172543,"1":0.9607268572,"2":0.9850527644,"3":0.9824150205,"4":0.9894490242,"5":0.9830011725,"6":0.9891559482,"7":0.99706918,"8":0.9903282523,"9":0.9903282523},"val_loss":{"0":0.5882057548,"1":0.6396473646,"2":0.8225749135,"3":1.3555574417,"4":1.0544002056,"5":0.9184556007,"6":0.6874395013,"7":1.2552981377,"8":1.0177863836,"9":1.2482469082},"val_sparse_categorical_accuracy":{"0":0.7823639512,"1":0.7842401266,"2":0.7748593092,"3":0.7392120361,"4":0.7739211917,"5":0.8039399385,"6":0.7992495298,"7":0.7626641393,"8":0.7814258933,"9":0.7720450163}}