{"evaluation_accuracy":{"0":0.8077374101,"1":0.8077374101,"2":0.8077374101,"3":0.8077374101,"4":0.8077374101,"5":0.8077374101,"6":0.8077374101,"7":0.8077374101,"8":0.8077374101},"loss":{"0":0.5323210955,"1":0.2558729947,"2":0.1271744072,"3":0.0800255537,"4":0.0479493588,"5":0.0185069144,"6":0.0417618603,"7":0.0413198136,"8":0.0631447583},"sparse_categorical_accuracy":{"0":0.7309495807,"1":0.9097303748,"2":0.9525204897,"3":0.9753810167,"4":0.9847596884,"5":0.9953106642,"6":0.9906213284,"7":0.9912074804,"8":0.9824150205},"val_loss":{"0":0.4391911924,"1":0.5307449698,"2":0.5870143771,"3":0.6677524447,"4":0.7142551541,"5":1.2446678877,"6":0.7490125299,"7":1.0246082544,"8":0.6890854239},"val_sparse_categorical_accuracy":{"0":0.8161351085,"1":0.7926829457,"2":0.7420262694,"3":0.7983114719,"4":0.7879924774,"5":0.7335835099,"6":0.8058161139,"7":0.7439024448,"8":0.7917448282}}