{"evaluation_accuracy":{"0":0.7851699591,"1":0.7851699591,"2":0.7851699591,"3":0.7851699591,"4":0.7851699591,"5":0.7851699591,"6":0.7851699591,"7":0.7851699591,"8":0.7851699591,"9":0.7851699591},"loss":{"0":0.4814347625,"1":0.1724990755,"2":0.0689369366,"3":0.0541782714,"4":0.0467755646,"5":0.0347614139,"6":0.0207203217,"7":0.0336825289,"8":0.0191487614,"9":0.0200286862},"sparse_categorical_accuracy":{"0":0.7655333877,"1":0.9431418777,"2":0.9791910648,"3":0.9838804007,"4":0.9827080965,"5":0.9882766604,"6":0.9932590723,"7":0.9891559482,"8":0.9938452244,"9":0.9944314361},"val_loss":{"0":0.505376339,"1":0.6055907607,"2":0.7425466776,"3":0.6907199621,"4":0.9487125874,"5":1.0851595402,"6":0.9263957739,"7":1.3669490814,"8":1.4063796997,"9":1.1858885288},"val_sparse_categorical_accuracy":{"0":0.7945591211,"1":0.7814258933,"2":0.7776735425,"3":0.759849906,"4":0.7551594973,"5":0.7748593092,"6":0.7579737306,"7":0.7804877758,"8":0.7410881519,"9":0.7908067703}}