{"evaluation_accuracy":{"0":0.781652987,"1":0.781652987,"2":0.781652987,"3":0.781652987,"4":0.781652987,"5":0.781652987,"6":0.781652987,"7":0.781652987,"8":0.781652987,"9":0.781652987},"loss":{"0":0.4399293959,"1":0.1255796254,"2":0.0512281246,"3":0.0384548083,"4":0.0456439294,"5":0.038698148,"6":0.022661034,"7":0.0209437925,"8":0.0459561795,"9":0.0522648133},"sparse_categorical_accuracy":{"0":0.8021687865,"1":0.9572098255,"2":0.9847596884,"3":0.9882766604,"4":0.9847596884,"5":0.9891559482,"6":0.9923798442,"7":0.9917936921,"8":0.9868112803,"9":0.9815357327},"val_loss":{"0":0.4639317095,"1":0.9148690701,"2":0.7334023714,"3":0.9405270815,"4":0.8203570843,"5":0.7623184919,"6":0.904202044,"7":1.0520224571,"8":1.4504603148,"9":1.2488341331},"val_sparse_categorical_accuracy":{"0":0.8058161139,"1":0.7833020687,"2":0.786116302,"3":0.7926829457,"4":0.7682926655,"5":0.7654784322,"6":0.7795497179,"7":0.7673546076,"8":0.7532833219,"9":0.769230783}}