{"evaluation_accuracy":{"0":0.8001172543,"1":0.8001172543,"2":0.8001172543,"3":0.8001172543,"4":0.8001172543,"5":0.8001172543,"6":0.8001172543,"7":0.8001172543,"8":0.8001172543,"9":0.8001172543},"loss":{"0":0.54737252,"1":0.2944228649,"2":0.1159965545,"3":0.1160366535,"4":0.0902696177,"5":0.03633935,"6":0.0312304031,"7":0.0243549477,"8":0.0223989356,"9":0.0304098856},"sparse_categorical_accuracy":{"0":0.7327080965,"1":0.8839390278,"2":0.962485373,"3":0.9618991613,"4":0.9706916809,"5":0.9871043563,"6":0.9888628125,"7":0.9923798442,"8":0.9935521483,"9":0.9923798442},"val_loss":{"0":0.4531513155,"1":0.5271279812,"2":0.8156784177,"3":1.0472093821,"4":0.5373757482,"5":0.7877885103,"6":1.069439292,"7":0.7871006727,"8":0.9864888787,"9":1.1974747181},"val_sparse_categorical_accuracy":{"0":0.7898686528,"1":0.7767354846,"2":0.7814258933,"3":0.7654784322,"4":0.7917448282,"5":0.7476547956,"6":0.7945591211,"7":0.7879924774,"8":0.7973733544,"9":0.7917448282}}