{"evaluation_accuracy":{"0":0.7853165269,"1":0.7853165269,"2":0.7853165269,"3":0.7853165269,"4":0.7853165269,"5":0.7853165269,"6":0.7853165269},"loss":{"0":0.5260843635,"1":0.2674783468,"2":0.1271567792,"3":0.0566485971,"4":0.0674256086,"5":0.0738577321,"6":0.057524547},"sparse_categorical_accuracy":{"0":0.7526377439,"1":0.8980070353,"2":0.9566236734,"3":0.9853458405,"4":0.9753810167,"5":0.9753810167,"6":0.9847596884},"val_loss":{"0":0.5267271399,"1":0.5534623265,"2":0.6415658593,"3":1.0878605843,"4":0.6541212797,"5":0.8162616491,"6":0.6824487448},"val_sparse_categorical_accuracy":{"0":0.7523452044,"1":0.7917448282,"2":0.77861166,"3":0.7288930416,"4":0.7983114719,"5":0.8095684648,"6":0.77861166}}