{"evaluation_accuracy":{"0":0.7939624786,"1":0.7939624786,"2":0.7939624786,"3":0.7939624786,"4":0.7939624786,"5":0.7939624786,"6":0.7939624786,"7":0.7939624786,"8":0.7939624786,"9":0.7939624786},"loss":{"0":0.5382646918,"1":0.2944918871,"2":0.1304317415,"3":0.0965771675,"4":0.0620233715,"5":0.0584905297,"6":0.0588078052,"7":0.0326393135,"8":0.0328244492,"9":0.0449201986},"sparse_categorical_accuracy":{"0":0.7203986049,"1":0.8927315474,"2":0.9583821893,"3":0.9689331651,"4":0.9812426567,"5":0.9824150205,"6":0.9824150205,"7":0.9923798442,"8":0.9906213284,"9":0.9830011725},"val_loss":{"0":0.4740826786,"1":0.4957491755,"2":0.6547275186,"3":0.7608570457,"4":0.8491063714,"5":0.9147017002,"6":0.9301316738,"7":0.8611987233,"8":0.9933974147,"9":0.9892486334},"val_sparse_categorical_accuracy":{"0":0.7889305949,"1":0.8039399385,"2":0.7767354846,"3":0.7889305949,"4":0.7889305949,"5":0.7833020687,"6":0.769230783,"7":0.7926829457,"8":0.7898686528,"9":0.7701688409}}