{"evaluation_accuracy":{"0":0.8048065901,"1":0.8048065901,"2":0.8048065901,"3":0.8048065901,"4":0.8048065901,"5":0.8048065901,"6":0.8048065901,"7":0.8048065901,"8":0.8048065901,"9":0.8048065901},"loss":{"0":0.5564736128,"1":0.3350752294,"2":0.2071105242,"3":0.0995443091,"4":0.0518021248,"5":0.0886345282,"6":0.0482486635,"7":0.0249561649,"8":0.0107475016,"9":0.0178098325},"sparse_categorical_accuracy":{"0":0.6987104416,"1":0.8722156882,"2":0.9267292023,"3":0.9618991613,"4":0.9824150205,"5":0.971277833,"6":0.9871043563,"7":0.9912074804,"8":0.99706918,"9":0.9935521483},"val_loss":{"0":0.4669702351,"1":0.6130371094,"2":0.5116388202,"3":0.7319802642,"4":1.0948500633,"5":0.671384573,"6":1.0085698366,"7":1.1276141405,"8":1.0810358524,"9":0.9989560843},"val_sparse_categorical_accuracy":{"0":0.7814258933,"1":0.7664164901,"2":0.7870544195,"3":0.7851782441,"4":0.7908067703,"5":0.769230783,"6":0.7654784322,"7":0.7701688409,"8":0.7823639512,"9":0.7851782441}}