{"evaluation_accuracy":{"0":0.7939624786,"1":0.7939624786,"2":0.7939624786,"3":0.7939624786,"4":0.7939624786,"5":0.7939624786,"6":0.7939624786,"7":0.7939624786,"8":0.7939624786,"9":0.7939624786},"loss":{"0":0.4100381136,"1":0.0927830338,"2":0.0553101636,"3":0.0346648395,"4":0.0369695425,"5":0.0210318398,"6":0.0003932256,"7":0.0001651392,"8":0.0557148717,"9":0.0392014384},"sparse_categorical_accuracy":{"0":0.813305974,"1":0.9677608609,"2":0.9821219444,"3":0.9871043563,"4":0.9876905084,"5":0.9947245121,"6":1.0,"7":1.0,"8":0.9827080965,"9":0.9879835844},"val_loss":{"0":0.5336330533,"1":0.7201510668,"2":0.8347875476,"3":0.8703194261,"4":0.7370661497,"5":1.2056846619,"6":1.4321957827,"7":1.4137730598,"8":0.8709713221,"9":0.8720484376},"val_sparse_categorical_accuracy":{"0":0.7936210036,"1":0.7851782441,"2":0.786116302,"3":0.7898686528,"4":0.7879924774,"5":0.7795497179,"6":0.7767354846,"7":0.7833020687,"8":0.7720450163,"9":0.7823639512}}