{"evaluation_accuracy":{"0":0.7458968163,"1":0.7458968163,"2":0.7458968163,"3":0.7458968163,"4":0.7458968163,"5":0.7458968163,"6":0.7458968163,"7":0.7458968163,"8":0.7458968163,"9":0.7458968163},"loss":{"0":0.4953429401,"1":0.1385006011,"2":0.0426585041,"3":0.036782641,"4":0.0389056914,"5":0.0304437522,"6":0.0165267084,"7":0.0037261744,"8":0.1541042924,"9":0.3109327853},"sparse_categorical_accuracy":{"0":0.7444314361,"1":0.9542790055,"2":0.9865181446,"3":0.9856389165,"4":0.9891559482,"5":0.9915005565,"6":0.9956037402,"7":0.999706924,"8":0.9284877181,"9":0.8590269685},"val_loss":{"0":0.4722437561,"1":0.6944443583,"2":1.0446300507,"3":0.9515227675,"4":0.9804118276,"5":1.0217432976,"6":1.1535426378,"7":1.4511734247,"8":0.737909019,"9":0.9033041},"val_sparse_categorical_accuracy":{"0":0.7842401266,"1":0.795497179,"2":0.7607879639,"3":0.7833020687,"4":0.7739211917,"5":0.7889305949,"6":0.7926829457,"7":0.7814258933,"8":0.4981238246,"9":0.7664164901}}