{"evaluation_accuracy":{"0":0.7913247347,"1":0.7913247347,"2":0.7913247347,"3":0.7913247347,"4":0.7913247347,"5":0.7913247347,"6":0.7913247347,"7":0.7913247347,"8":0.7913247347,"9":0.7913247347},"loss":{"0":0.4109108746,"1":0.0915593877,"2":0.0637169704,"3":0.0277721304,"4":0.0340665951,"5":0.0685119778,"6":0.0011734321,"7":0.0289729983,"8":0.0223348327,"9":0.0280750096},"sparse_categorical_accuracy":{"0":0.8056858182,"1":0.9695193172,"2":0.9783118367,"3":0.9917936921,"4":0.9882766604,"5":0.9812426567,"6":0.999706924,"7":0.9915005565,"8":0.9932590723,"9":0.9935521483},"val_loss":{"0":0.5262374878,"1":0.8451009393,"2":0.9693081379,"3":1.0620354414,"4":1.4962463379,"5":1.0775755644,"6":1.5835040808,"7":1.5946668386,"8":1.2053706646,"9":0.8901283145},"val_sparse_categorical_accuracy":{"0":0.7973733544,"1":0.7964352965,"2":0.7833020687,"3":0.7701688409,"4":0.7617260814,"5":0.7457786202,"6":0.7767354846,"7":0.7279549837,"8":0.7879924774,"9":0.7607879639}}