{"evaluation_accuracy":{"0":0.7683176994,"1":0.7683176994,"2":0.7683176994,"3":0.7683176994,"4":0.7683176994,"5":0.7683176994,"6":0.7683176994,"7":0.7683176994,"8":0.7683176994,"9":0.7683176994},"loss":{"0":0.4219819605,"1":0.1075934097,"2":0.0612877682,"3":0.0458559766,"4":0.0256825369,"5":0.0472733751,"6":0.0137445237,"7":0.0252353717,"8":0.0241003446,"9":0.1152115166},"sparse_categorical_accuracy":{"0":0.8007034063,"1":0.9674677849,"2":0.9827080965,"3":0.9859319925,"4":0.9944314361,"5":0.9859319925,"6":0.99706918,"7":0.9935521483,"8":0.9935521483,"9":0.9589683414},"val_loss":{"0":0.5006963611,"1":0.6524352431,"2":0.8781211972,"3":0.7996823788,"4":1.0851368904,"5":1.195311904,"6":1.1167005301,"7":1.1603688002,"8":1.2057219744,"9":0.871768415},"val_sparse_categorical_accuracy":{"0":0.7908067703,"1":0.7626641393,"2":0.7570356727,"3":0.7926829457,"4":0.7823639512,"5":0.7485928535,"6":0.7682926655,"7":0.7720450163,"8":0.7551594973,"9":0.7626641393}}