{"evaluation_accuracy":{"0":0.5019050241,"1":0.5019050241,"2":0.5019050241,"3":0.5019050241,"4":0.5019050241},"loss":{"0":0.7090656161,"1":0.6988838315,"2":0.7013995051,"3":0.7066560984,"4":0.7020626664},"sparse_categorical_accuracy":{"0":0.5023446679,"1":0.5123094916,"2":0.4973622561,"3":0.4897421002,"4":0.5014654398},"val_loss":{"0":0.6935447454,"1":0.6930664778,"2":0.7007962465,"3":0.6932799816,"4":0.6948786378},"val_sparse_categorical_accuracy":{"0":0.5,"1":0.5,"2":0.5,"3":0.5,"4":0.5}}