{"evaluation_accuracy":{"0":0.7511723042,"1":0.7511723042,"2":0.7511723042,"3":0.7511723042,"4":0.7511723042,"5":0.7511723042,"6":0.7511723042,"7":0.7511723042,"8":0.7511723042,"9":0.7511723042},"loss":{"0":0.5436422229,"1":0.2574353516,"2":0.1143776104,"3":0.0513805002,"4":0.0440081805,"5":0.0584403053,"6":0.0790705085,"7":0.0346466675,"8":0.0389094912,"9":0.0591488592},"sparse_categorical_accuracy":{"0":0.7221571207,"1":0.8974208832,"2":0.9601407051,"3":0.9824150205,"4":0.9841734767,"5":0.9806565046,"6":0.9765533209,"7":0.9894490242,"8":0.9876905084,"9":0.9824150205},"val_loss":{"0":0.4889088869,"1":0.468873322,"2":0.6282709241,"3":0.9464999437,"4":0.8521664143,"5":1.0116665363,"6":0.9883067012,"7":1.0023241043,"8":1.0008482933,"9":0.7902766466},"val_sparse_categorical_accuracy":{"0":0.7664164901,"1":0.7908067703,"2":0.77861166,"3":0.7983114719,"4":0.795497179,"5":0.7570356727,"6":0.7617260814,"7":0.7973733544,"8":0.7917448282,"9":0.7392120361}}