{"evaluation_accuracy":{"0":0.7728604674,"1":0.7728604674,"2":0.7728604674,"3":0.7728604674,"4":0.7728604674,"5":0.7728604674,"6":0.7728604674,"7":0.7728604674,"8":0.7728604674,"9":0.7728604674},"loss":{"0":0.5982444286,"1":0.3274997771,"2":0.1941367835,"3":0.093226999,"4":0.0332565382,"5":0.0267501641,"6":0.0019311018,"7":0.0412697904,"8":0.1055304483,"9":0.0351048335},"sparse_categorical_accuracy":{"0":0.6811254621,"1":0.8769050241,"2":0.9220398664,"3":0.9701055288,"4":0.9894490242,"5":0.9923798442,"6":0.9994138479,"7":0.9888628125,"8":0.962485373,"9":0.9912074804},"val_loss":{"0":0.4761778712,"1":0.5428953767,"2":0.509604454,"3":0.5324696898,"4":1.3471626043,"5":0.7430537343,"6":1.1391043663,"7":0.6609935164,"8":0.7503287792,"9":0.9413561225},"val_sparse_categorical_accuracy":{"0":0.7842401266,"1":0.7870544195,"2":0.7776735425,"3":0.7833020687,"4":0.7345215678,"5":0.7964352965,"6":0.8039399385,"7":0.7842401266,"8":0.7842401266,"9":0.7701688409}}