{"evaluation_accuracy":{"0":0.7753517032,"1":0.7753517032,"2":0.7753517032,"3":0.7753517032,"4":0.7753517032,"5":0.7753517032,"6":0.7753517032,"7":0.7753517032,"8":0.7753517032,"9":0.7753517032},"loss":{"0":0.4161061645,"1":0.1252512932,"2":0.0790760592,"3":0.0409396514,"4":0.0474341325,"5":0.0424806066,"6":0.0198217481,"7":0.0208738074,"8":0.0275506247,"9":0.0497384034},"sparse_categorical_accuracy":{"0":0.8009964824,"1":0.9610199332,"2":0.9794842005,"3":0.9865181446,"4":0.9841734767,"5":0.9865181446,"6":0.9950175881,"7":0.9950175881,"8":0.9915005565,"9":0.9862250686},"val_loss":{"0":0.5218341947,"1":0.8416275978,"2":0.8623052239,"3":0.9848283529,"4":0.888350904,"5":1.1210180521,"6":1.328756094,"7":0.8851385713,"8":1.2171809673,"9":0.9797690511},"val_sparse_categorical_accuracy":{"0":0.795497179,"1":0.7532833219,"2":0.769230783,"3":0.7729831338,"4":0.7636022568,"5":0.7795497179,"6":0.7767354846,"7":0.7485928535,"8":0.7795497179,"9":0.7467166781}}