{"evaluation_accuracy":{"0":0.7565943599,"1":0.7565943599,"2":0.7565943599,"3":0.7565943599,"4":0.7565943599,"5":0.7565943599,"6":0.7565943599,"7":0.7565943599,"8":0.7565943599,"9":0.7565943599},"loss":{"0":0.5453458428,"1":0.2944431007,"2":0.1513873637,"3":0.1343787462,"4":0.0617920123,"5":0.0602657944,"6":0.0437392071,"7":0.0393588915,"8":0.0131206326,"9":0.0698760003},"sparse_categorical_accuracy":{"0":0.7297772765,"1":0.8915591836,"2":0.9531067014,"3":0.9560375214,"4":0.9818288684,"5":0.9812426567,"6":0.9876905084,"7":0.9906213284,"8":0.9982414842,"9":0.9783118367},"val_loss":{"0":0.4541293085,"1":0.5587584376,"2":0.5185448527,"3":0.6260675788,"4":0.6384110451,"5":0.83624506,"6":0.89296031,"7":0.8873119354,"8":1.0808932781,"9":0.72445333},"val_sparse_categorical_accuracy":{"0":0.8058161139,"1":0.7814258933,"2":0.8011257052,"3":0.8020637631,"4":0.8058161139,"5":0.7851782441,"6":0.8001875877,"7":0.7964352965,"8":0.7992495298,"9":0.7560975552}}