{"evaluation_accuracy":{"0":0.5,"1":0.5,"2":0.5,"3":0.5,"4":0.5,"5":0.5,"6":0.5,"7":0.5,"8":0.5,"9":0.5},"loss":{"0":0.7235246897,"1":0.7050541639,"2":0.6166609526,"3":0.5368427038,"4":0.4426746964,"5":0.3302229345,"6":0.2282334119,"7":0.1996843368,"8":0.1258597821,"9":0.0788978189},"sparse_categorical_accuracy":{"0":0.5,"1":0.5,"2":0.8000000119,"3":0.8000000119,"4":1.0,"5":1.0,"6":1.0,"7":1.0,"8":1.0,"9":1.0},"val_loss":{"0":0.7805678248,"1":0.7506492734,"2":0.8432042003,"3":0.8205078244,"4":0.7470114827,"5":0.7162803411,"6":0.6918202639,"7":0.6574383974,"8":0.6837875247,"9":0.7867229581},"val_sparse_categorical_accuracy":{"0":0.0,"1":0.200000003,"2":0.200000003,"3":0.200000003,"4":0.200000003,"5":0.200000003,"6":0.400000006,"7":0.6999999881,"8":0.6999999881,"9":0.6000000238}}