{"evaluation_accuracy":{"0":0.7752051353,"1":0.7752051353,"2":0.7752051353,"3":0.7752051353,"4":0.7752051353,"5":0.7752051353,"6":0.7752051353,"7":0.7752051353,"8":0.7752051353,"9":0.7752051353},"loss":{"0":0.6160407662,"1":0.478089571,"2":0.3010947406,"3":0.1712953597,"4":0.1515233219,"5":0.0895212069,"6":0.0404835977,"7":0.0430472121,"8":0.0406388938,"9":0.1711509824},"sparse_categorical_accuracy":{"0":0.651817143,"1":0.7954279184,"2":0.882180512,"3":0.9402109981,"4":0.9536928535,"5":0.9724501967,"6":0.9882766604,"7":0.9882766604,"8":0.9882766604,"9":0.9390386939},"val_loss":{"0":0.4696414769,"1":0.5093673468,"2":0.5507656932,"3":0.6893680692,"4":0.6206252575,"5":0.6268057823,"6":0.7884653211,"7":0.9241660833,"8":1.075684309,"9":0.8058324456},"val_sparse_categorical_accuracy":{"0":0.804878056,"1":0.7485928535,"2":0.7673546076,"3":0.7757973671,"4":0.7926829457,"5":0.8001875877,"6":0.7917448282,"7":0.7495309711,"8":0.7504690289,"9":0.7579737306}}