{"evaluation_accuracy":{"0":0.7999706864,"1":0.7999706864,"2":0.7999706864,"3":0.7999706864,"4":0.7999706864,"5":0.7999706864,"6":0.7999706864,"7":0.7999706864,"8":0.7999706864,"9":0.7999706864},"loss":{"0":0.577260077,"1":0.3006415367,"2":0.1515725851,"3":0.0741615891,"4":0.0573108383,"5":0.0428341925,"6":0.0602115355,"7":0.0503627025,"8":0.0365188196,"9":0.0406736769},"sparse_categorical_accuracy":{"0":0.7016412616,"1":0.8892145157,"2":0.9443141818,"3":0.974208653,"4":0.9830011725,"5":0.9871043563,"6":0.9777256846,"7":0.9835873246,"8":0.9894490242,"9":0.9876905084},"val_loss":{"0":0.4472758472,"1":0.5073094964,"2":0.5052149892,"3":0.765371263,"4":0.9725812674,"5":0.7441061139,"6":0.9482232332,"7":0.8086346984,"8":0.7110425234,"9":1.2038474083},"val_sparse_categorical_accuracy":{"0":0.7983114719,"1":0.7823639512,"2":0.7992495298,"3":0.7626641393,"4":0.7664164901,"5":0.7729831338,"6":0.7720450163,"7":0.7842401266,"8":0.7682926655,"9":0.7795497179}}