{"evaluation_accuracy":{"0":0.7870750427,"1":0.7870750427,"2":0.7870750427,"3":0.7870750427,"4":0.7870750427,"5":0.7870750427,"6":0.7870750427,"7":0.7870750427,"8":0.7870750427,"9":0.7870750427},"loss":{"0":0.5268605947,"1":0.3216511011,"2":0.2254283875,"3":0.1276550889,"4":0.0987284556,"5":0.0652792454,"6":0.0565351285,"7":0.0939069614,"8":0.037451867,"9":0.0230272505},"sparse_categorical_accuracy":{"0":0.7332942486,"1":0.873388052,"2":0.9196951985,"3":0.9607268572,"4":0.9706916809,"5":0.9835873246,"6":0.9806565046,"7":0.9689331651,"8":0.9900351763,"9":0.9953106642},"val_loss":{"0":0.4527110457,"1":0.6939725876,"2":0.5194039345,"3":0.7800876498,"4":0.7420225143,"5":0.8651790619,"6":1.2152963877,"7":0.9822428823,"8":0.6841307282,"9":1.1029962301},"val_sparse_categorical_accuracy":{"0":0.7879924774,"1":0.7101313472,"2":0.7823639512,"3":0.7542213798,"4":0.72138834,"5":0.7476547956,"6":0.7842401266,"7":0.7570356727,"8":0.7804877758,"9":0.759849906}}