{"evaluation_accuracy":{"0":0.7258206606,"1":0.7258206606,"2":0.7258206606,"3":0.7258206606,"4":0.7258206606,"5":0.7258206606,"6":0.7258206606,"7":0.7258206606,"8":0.7258206606,"9":0.7258206606},"loss":{"0":0.6794137359,"1":0.6264439225,"2":0.5247520208,"3":0.513538897,"4":0.4332305193,"5":0.3618028164,"6":0.2273641974,"7":0.1275952756,"8":0.0965545326,"9":0.0977298692},"sparse_categorical_accuracy":{"0":0.5627198219,"1":0.6682297587,"2":0.7297772765,"3":0.7608440518,"4":0.8053927422,"5":0.8599061966,"6":0.9249706864,"7":0.9572098255,"8":0.9701055288,"9":0.9701055288},"val_loss":{"0":0.6926302314,"1":0.6771689057,"2":0.5656203032,"3":0.7133854628,"4":0.5754038692,"5":0.619437933,"6":0.5820901394,"7":0.9270377159,"8":0.9116697311,"9":1.0495476723},"val_sparse_categorical_accuracy":{"0":0.4990619123,"1":0.5,"2":0.7063789964,"3":0.6772983074,"4":0.7392120361,"5":0.7373358607,"6":0.7429643273,"7":0.7185741067,"8":0.7335835099,"9":0.7129455805}}