{"evaluation_accuracy":{"0":0.7951348424,"1":0.7951348424,"2":0.7951348424,"3":0.7951348424,"4":0.7951348424,"5":0.7951348424,"6":0.7951348424,"7":0.7951348424,"8":0.7951348424},"loss":{"0":0.4003843367,"1":0.1163148656,"2":0.077356033,"3":0.0483681113,"4":0.0286164023,"5":0.0184060745,"6":0.0222638752,"7":0.084104307,"8":0.0349534824},"sparse_categorical_accuracy":{"0":0.8250293136,"1":0.9627784491,"2":0.9709847569,"3":0.9844666123,"4":0.9909144044,"5":0.9935521483,"6":0.99413836,"7":0.9718639851,"8":0.9894490242},"val_loss":{"0":0.5714075565,"1":0.7315998673,"2":0.7834918499,"3":0.9706479311,"4":0.9938466549,"5":1.4165693521,"6":1.088386178,"7":0.9105303884,"8":0.9656951427},"val_sparse_categorical_accuracy":{"0":0.7833020687,"1":0.7748593092,"2":0.7926829457,"3":0.7748593092,"4":0.7682926655,"5":0.7711069584,"6":0.7485928535,"7":0.7617260814,"8":0.7636022568}}