{"evaluation_accuracy":{"0":0.7798944712,"1":0.7798944712,"2":0.7798944712,"3":0.7798944712,"4":0.7798944712,"5":0.7798944712,"6":0.7798944712,"7":0.7798944712,"8":0.7798944712,"9":0.7798944712},"loss":{"0":0.3876056969,"1":0.0898832828,"2":0.0443389155,"3":0.0410470441,"4":0.0427760258,"5":0.0194006618,"6":0.0251667313,"7":0.0109357927,"8":0.030070195,"9":0.0432500578},"sparse_categorical_accuracy":{"0":0.8262016177,"1":0.9703986049,"2":0.9853458405,"3":0.9862250686,"4":0.9868112803,"5":0.9938452244,"6":0.9935521483,"7":0.9979484081,"8":0.9909144044,"9":0.9871043563},"val_loss":{"0":0.5038012266,"1":0.6781919003,"2":0.8885216117,"3":0.8158754706,"4":0.6876728535,"5":1.2151709795,"6":1.0146276951,"7":1.0552964211,"8":0.8122885823,"9":1.2736800909},"val_sparse_categorical_accuracy":{"0":0.7908067703,"1":0.786116302,"2":0.7898686528,"3":0.7748593092,"4":0.7804877758,"5":0.7804877758,"6":0.7833020687,"7":0.7936210036,"8":0.7664164901,"9":0.7739211917}}