{"evaluation_accuracy":{"0":0.7867819667,"1":0.7867819667,"2":0.7867819667,"3":0.7867819667,"4":0.7867819667,"5":0.7867819667,"6":0.7867819667,"7":0.7867819667,"8":0.7867819667,"9":0.7867819667},"loss":{"0":0.4371400177,"1":0.1442260444,"2":0.0515212752,"3":0.037414927,"4":0.0486759543,"5":0.0227523185,"6":0.0200406443,"7":0.0393775403,"8":0.0280439388,"9":0.0030834482},"sparse_categorical_accuracy":{"0":0.7951348424,"1":0.9507620335,"2":0.9844666123,"3":0.9868112803,"4":0.9853458405,"5":0.9935521483,"6":0.9953106642,"7":0.9859319925,"8":0.9917936921,"9":0.9991207719},"val_loss":{"0":0.593214035,"1":0.7334991097,"2":0.7666211724,"3":0.7271169424,"4":1.1563936472,"5":1.0095124245,"6":1.3133956194,"7":1.0385056734,"8":1.0913763046,"9":1.596683979},"val_sparse_categorical_accuracy":{"0":0.7917448282,"1":0.7804877758,"2":0.795497179,"3":0.7711069584,"4":0.7729831338,"5":0.7739211917,"6":0.7636022568,"7":0.7560975552,"8":0.7589118481,"9":0.7579737306}}