{"evaluation_accuracy":{"0":0.7766705751,"1":0.7766705751,"2":0.7766705751,"3":0.7766705751,"4":0.7766705751,"5":0.7766705751,"6":0.7766705751,"7":0.7766705751,"8":0.7766705751,"9":0.7766705751},"loss":{"0":0.4759972692,"1":0.171725288,"2":0.1022606194,"3":0.0380423777,"4":0.0416629501,"5":0.0254907906,"6":0.0171596389,"7":0.0253011715,"8":0.0493574925,"9":0.026201224},"sparse_categorical_accuracy":{"0":0.784876883,"1":0.9402109981,"2":0.968053937,"3":0.9888628125,"4":0.9862250686,"5":0.9935521483,"6":0.9944314361,"7":0.9906213284,"8":0.9850527644,"9":0.9923798442},"val_loss":{"0":0.4558027983,"1":0.5676783919,"2":0.8415703773,"3":0.8715558648,"4":0.8805843592,"5":0.8005015254,"6":1.0329651833,"7":1.1428052187,"8":1.072491169,"9":0.8518671989},"val_sparse_categorical_accuracy":{"0":0.7889305949,"1":0.7654784322,"2":0.7926829457,"3":0.7983114719,"4":0.804878056,"5":0.804878056,"6":0.7607879639,"7":0.7204502821,"8":0.7804877758,"9":0.7748593092}}