{"evaluation_accuracy":{"0":0.8078839183,"1":0.8078839183,"2":0.8078839183,"3":0.8078839183,"4":0.8078839183,"5":0.8078839183,"6":0.8078839183,"7":0.8078839183,"8":0.8078839183,"9":0.8078839183},"loss":{"0":0.5616694689,"1":0.2783960402,"2":0.1685047895,"3":0.0938212201,"4":0.0582971573,"5":0.0373770371,"6":0.0430613272,"7":0.034314692,"8":0.0315193571,"9":0.0007422265},"sparse_categorical_accuracy":{"0":0.7127784491,"1":0.8980070353,"2":0.942555666,"3":0.9677608609,"4":0.9812426567,"5":0.9894490242,"6":0.9847596884,"7":0.9900351763,"8":0.9894490242,"9":1.0},"val_loss":{"0":0.4833718836,"1":0.6636556983,"2":0.6598305106,"3":0.8199884295,"4":0.766879499,"5":0.8063875437,"6":1.09032619,"7":1.2545723915,"8":0.9816801548,"9":1.2890236378},"val_sparse_categorical_accuracy":{"0":0.7851782441,"1":0.7682926655,"2":0.786116302,"3":0.7551594973,"4":0.7776735425,"5":0.7673546076,"6":0.7729831338,"7":0.7617260814,"8":0.7804877758,"9":0.8001875877}}