{"evaluation_accuracy":{"0":0.7837045789,"1":0.7837045789,"2":0.7837045789,"3":0.7837045789,"4":0.7837045789,"5":0.7837045789,"6":0.7837045789,"7":0.7837045789,"8":0.7837045789},"loss":{"0":0.5285597444,"1":0.2783665061,"2":0.1371165812,"3":0.0957971364,"4":0.0699107349,"5":0.0286119021,"6":0.0313527733,"7":0.0817689821,"8":0.152915284},"sparse_categorical_accuracy":{"0":0.7327080965,"1":0.8915591836,"2":0.9572098255,"3":0.9718639851,"4":0.9818288684,"5":0.9935521483,"6":0.9923798442,"7":0.9724501967,"8":0.9525204897},"val_loss":{"0":0.4359952509,"1":0.5556978583,"2":0.7018821239,"3":0.4950204194,"4":0.6494170427,"5":0.90017277,"6":1.1496312618,"7":0.754235208,"8":0.7106470466},"val_sparse_categorical_accuracy":{"0":0.8105065823,"1":0.7570356727,"2":0.804878056,"3":0.8067542315,"4":0.8011257052,"5":0.795497179,"6":0.7579737306,"7":0.7514071465,"8":0.7711069584}}