{"evaluation_accuracy":{"0":0.7881008387,"1":0.7881008387,"2":0.7881008387,"3":0.7881008387,"4":0.7881008387,"5":0.7881008387,"6":0.7881008387,"7":0.7881008387,"8":0.7881008387,"9":0.7881008387},"loss":{"0":0.3935739696,"1":0.0922625065,"2":0.0356630087,"3":0.0542827994,"4":0.0259974599,"5":0.0347176902,"6":0.0049301176,"7":0.030463066,"8":0.019824801,"9":0.0221104193},"sparse_categorical_accuracy":{"0":0.8259085417,"1":0.9692262411,"2":0.9882766604,"3":0.9847596884,"4":0.9920867682,"5":0.9900351763,"6":0.9991207719,"7":0.9929659963,"8":0.9935521483,"9":0.9935521483},"val_loss":{"0":0.5513213873,"1":0.6394858956,"2":0.9323057532,"3":0.9052420855,"4":1.2021696568,"5":1.145689249,"6":1.3338128328,"7":1.0274393559,"8":1.2485487461,"9":1.3315089941},"val_sparse_categorical_accuracy":{"0":0.7945591211,"1":0.786116302,"2":0.7729831338,"3":0.7720450163,"4":0.7767354846,"5":0.7870544195,"6":0.7579737306,"7":0.7157598734,"8":0.77861166,"9":0.7701688409}}