{"evaluation_accuracy":{"0":0.7646541595,"1":0.7646541595,"2":0.7646541595,"3":0.7646541595,"4":0.7646541595,"5":0.7646541595,"6":0.7646541595,"7":0.7646541595,"8":0.7646541595,"9":0.7646541595},"loss":{"0":0.390378952,"1":0.1063053235,"2":0.0750221461,"3":0.0436815545,"4":0.0247585699,"5":0.0157830715,"6":0.033794798,"7":0.0256441534,"8":0.0053424444,"9":0.0731107965},"sparse_categorical_accuracy":{"0":0.8294255733,"1":0.9633646011,"2":0.9739155769,"3":0.9850527644,"4":0.9929659963,"5":0.9958968163,"6":0.9871043563,"7":0.9923798442,"8":0.9988276958,"9":0.9777256846},"val_loss":{"0":0.4701714218,"1":0.8223826289,"2":1.0182440281,"3":0.990916729,"4":0.9473020434,"5":1.1900416613,"6":1.1172266006,"7":0.8469830751,"8":1.4069868326,"9":0.8886609077},"val_sparse_categorical_accuracy":{"0":0.7964352965,"1":0.804878056,"2":0.7926829457,"3":0.8030018806,"4":0.8020637631,"5":0.7701688409,"6":0.7917448282,"7":0.7542213798,"8":0.7795497179,"9":0.7626641393}}