{"evaluation_accuracy":{"0":0.7905920148,"1":0.7905920148,"2":0.7905920148,"3":0.7905920148,"4":0.7905920148,"5":0.7905920148,"6":0.7905920148,"7":0.7905920148,"8":0.7905920148,"9":0.7905920148},"loss":{"0":0.6015697122,"1":0.3908753991,"2":0.2022780776,"3":0.096090734,"4":0.0775554404,"5":0.0516493283,"6":0.029471064,"7":0.0383845568,"8":0.0014257702,"9":0.0191067215},"sparse_categorical_accuracy":{"0":0.684056282,"1":0.8399765491,"2":0.9232121706,"3":0.9671746492,"4":0.9736225009,"5":0.9812426567,"6":0.9923798442,"7":0.9882766604,"8":1.0,"9":0.9953106642},"val_loss":{"0":0.6357548237,"1":0.4275120497,"2":0.6102013588,"3":0.7830197811,"4":0.7482661605,"5":0.8314746618,"6":0.8803624511,"7":1.0711774826,"8":1.3003797531,"9":0.9761757851},"val_sparse_categorical_accuracy":{"0":0.6857410669,"1":0.7992495298,"2":0.7870544195,"3":0.7823639512,"4":0.7757973671,"5":0.7701688409,"6":0.7392120361,"7":0.7823639512,"8":0.7776735425,"9":0.7729831338}}