{"evaluation_accuracy":{"0":0.8053927422,"1":0.8053927422,"2":0.8053927422,"3":0.8053927422,"4":0.8053927422,"5":0.8053927422,"6":0.8053927422,"7":0.8053927422,"8":0.8053927422,"9":0.8053927422},"loss":{"0":0.5488680601,"1":0.3028421998,"2":0.1358080506,"3":0.1014339253,"4":0.094633393,"5":0.0576477945,"6":0.0370353013,"7":0.052275449,"8":0.0289074648,"9":0.0346991345},"sparse_categorical_accuracy":{"0":0.7303634286,"1":0.8862836957,"2":0.9607268572,"3":0.9689331651,"4":0.9718639851,"5":0.9818288684,"6":0.9882766604,"7":0.9830011725,"8":0.9900351763,"9":0.9888628125},"val_loss":{"0":0.4433847368,"1":0.5050421953,"2":1.0086026192,"3":0.6804196239,"4":0.738196969,"5":0.9027964473,"6":1.0211262703,"7":0.7535395622,"8":0.845517993,"9":0.879383564},"val_sparse_categorical_accuracy":{"0":0.8095684648,"1":0.7851782441,"2":0.713883698,"3":0.7757973671,"4":0.8170731664,"5":0.7908067703,"6":0.6998124123,"7":0.7842401266,"8":0.7748593092,"9":0.7889305949}}