{"evaluation_accuracy":{"0":0.7665591836,"1":0.7665591836,"2":0.7665591836,"3":0.7665591836,"4":0.7665591836,"5":0.7665591836,"6":0.7665591836,"7":0.7665591836,"8":0.7665591836,"9":0.7665591836},"loss":{"0":0.5255770683,"1":0.1895920783,"2":0.105268985,"3":0.0327795446,"4":0.0367828831,"5":0.0192852337,"6":0.0403464437,"7":0.0204361267,"8":0.0100147016,"9":0.0195741802},"sparse_categorical_accuracy":{"0":0.7233294249,"1":0.9355216622,"2":0.9674677849,"3":0.9900351763,"4":0.9856389165,"5":0.9938452244,"6":0.9882766604,"7":0.9938452244,"8":0.9982414842,"9":0.99413836},"val_loss":{"0":0.4824956357,"1":0.6506474614,"2":0.7309637666,"3":1.2271132469,"4":1.0912063122,"5":1.0011262894,"6":0.8951334953,"7":1.310731411,"8":1.7471040487,"9":1.310905695},"val_sparse_categorical_accuracy":{"0":0.7551594973,"1":0.7814258933,"2":0.7851782441,"3":0.77861166,"4":0.7795497179,"5":0.7795497179,"6":0.7589118481,"7":0.7607879639,"8":0.7476547956,"9":0.7711069584}}