{"evaluation_accuracy":{"0":0.7939624786,"1":0.7939624786,"2":0.7939624786,"3":0.7939624786,"4":0.7939624786,"5":0.7939624786,"6":0.7939624786,"7":0.7939624786,"8":0.7939624786,"9":0.7939624786},"loss":{"0":0.6766941547,"1":0.5130273104,"2":0.2476408631,"3":0.1261988729,"4":0.0920485482,"5":0.1053553075,"6":0.032685969,"7":0.0344777443,"8":0.0293861516,"9":0.0357603617},"sparse_categorical_accuracy":{"0":0.563305974,"1":0.7631887197,"2":0.9126611948,"3":0.9607268572,"4":0.9718639851,"5":0.9636576772,"6":0.9912074804,"7":0.9900351763,"8":0.99413836,"9":0.9900351763},"val_loss":{"0":0.6616712809,"1":0.5429461598,"2":0.5981594324,"3":0.8159086704,"4":0.8053619862,"5":0.7230879664,"6":0.764446795,"7":0.9360038638,"8":1.0679087639,"9":1.0228645802},"val_sparse_categorical_accuracy":{"0":0.658536613,"1":0.7579737306,"2":0.7851782441,"3":0.759849906,"4":0.7748593092,"5":0.77861166,"6":0.7851782441,"7":0.786116302,"8":0.7532833219,"9":0.7851782441}}