{"evaluation_accuracy":{"0":0.7728604674,"1":0.7728604674,"2":0.7728604674,"3":0.7728604674,"4":0.7728604674,"5":0.7728604674,"6":0.7728604674,"7":0.7728604674,"8":0.7728604674},"loss":{"0":0.4118172228,"1":0.1108023152,"2":0.0561207719,"3":0.0441662148,"4":0.0398065038,"5":0.0190406907,"6":0.0518673696,"7":0.0259970706,"8":0.0193203073},"sparse_categorical_accuracy":{"0":0.8042203784,"1":0.9648300409,"2":0.9821219444,"3":0.9868112803,"4":0.9871043563,"5":0.9938452244,"6":0.9847596884,"7":0.9915005565,"8":0.99413836},"val_loss":{"0":0.7224989533,"1":0.8878887296,"2":1.1212011576,"3":1.0294433832,"4":1.0303833485,"5":1.1322374344,"6":0.937168479,"7":1.0127298832,"8":1.0528348684},"val_sparse_categorical_accuracy":{"0":0.7617260814,"1":0.8001875877,"2":0.7720450163,"3":0.7335835099,"4":0.7926829457,"5":0.7851782441,"6":0.7617260814,"7":0.7945591211,"8":0.7532833219}}