{"evaluation_accuracy":{"0":0.7905920148,"1":0.7905920148,"2":0.7905920148,"3":0.7905920148,"4":0.7905920148,"5":0.7905920148,"6":0.7905920148,"7":0.7905920148,"8":0.7905920148,"9":0.7905920148},"loss":{"0":0.6247832179,"1":0.387745887,"2":0.230600208,"3":0.0922265127,"4":0.0753248706,"5":0.0517898612,"6":0.0423591323,"7":0.0329034999,"8":0.0624562912,"9":0.0374418236},"sparse_categorical_accuracy":{"0":0.6037514806,"1":0.838804245,"2":0.9132473469,"3":0.9724501967,"4":0.9794842005,"5":0.9871043563,"6":0.9882766604,"7":0.9923798442,"8":0.9800703526,"9":0.9906213284},"val_loss":{"0":0.4974104166,"1":0.6413258314,"2":0.5027852058,"3":0.6001248956,"4":0.6939120889,"5":0.9145271182,"6":0.9990553856,"7":1.0394426584,"8":0.8650025129,"9":0.7201467156},"val_sparse_categorical_accuracy":{"0":0.7842401266,"1":0.7373358607,"2":0.7823639512,"3":0.795497179,"4":0.77861166,"5":0.7870544195,"6":0.7654784322,"7":0.7701688409,"8":0.7823639512,"9":0.7926829457}}