{"evaluation_accuracy":{"0":0.7979190946,"1":0.7979190946,"2":0.7979190946,"3":0.7979190946,"4":0.7979190946,"5":0.7979190946,"6":0.7979190946,"7":0.7979190946,"8":0.7979190946,"9":0.7979190946},"loss":{"0":0.405872941,"1":0.1002680063,"2":0.0488883592,"3":0.0776314437,"4":0.0222776383,"5":0.0251606796,"6":0.0561440028,"7":0.0090566259,"8":0.0211095158,"9":0.0247305967},"sparse_categorical_accuracy":{"0":0.8141852021,"1":0.9665884972,"2":0.9856389165,"3":0.9721571207,"4":0.9935521483,"5":0.9926729202,"6":0.9835873246,"7":0.996776104,"8":0.9944314361,"9":0.9926729202},"val_loss":{"0":0.4634198248,"1":0.8699486852,"2":0.9748322368,"3":0.7444419861,"4":1.2088289261,"5":1.1175533533,"6":1.0411207676,"7":1.2520906925,"8":0.8894743323,"9":0.8682624698},"val_sparse_categorical_accuracy":{"0":0.804878056,"1":0.7570356727,"2":0.7833020687,"3":0.7870544195,"4":0.769230783,"5":0.7589118481,"6":0.7898686528,"7":0.7842401266,"8":0.77861166,"9":0.7711069584}}