{"evaluation_accuracy":{"0":0.7826787829,"1":0.7826787829,"2":0.7826787829,"3":0.7826787829,"4":0.7826787829,"5":0.7826787829,"6":0.7826787829,"7":0.7826787829,"8":0.7826787829,"9":0.7826787829},"loss":{"0":0.5375919342,"1":0.3457511365,"2":0.1612676084,"3":0.0947327167,"4":0.0744708329,"5":0.0758407339,"6":0.029295994,"7":0.0616602153,"8":0.0456905551,"9":0.0062071322},"sparse_categorical_accuracy":{"0":0.7368112803,"1":0.8534584045,"2":0.9472450018,"3":0.9724501967,"4":0.9747948647,"5":0.971277833,"6":0.9923798442,"7":0.9788979888,"8":0.9841734767,"9":0.9976553321},"val_loss":{"0":0.5608769059,"1":0.4302768707,"2":0.6173226237,"3":0.6421852112,"4":0.9238513708,"5":0.8432062864,"6":0.9812056422,"7":1.2041079998,"8":0.7590786219,"9":1.278179884},"val_sparse_categorical_accuracy":{"0":0.7363977432,"1":0.8011257052,"2":0.7945591211,"3":0.7917448282,"4":0.7270168662,"5":0.7945591211,"6":0.7757973671,"7":0.7729831338,"8":0.8170731664,"9":0.7664164901}}