{"evaluation_accuracy":{"0":0.8122801781,"1":0.8122801781,"2":0.8122801781,"3":0.8122801781,"4":0.8122801781,"5":0.8122801781,"6":0.8122801781,"7":0.8122801781,"8":0.8122801781,"9":0.8122801781},"loss":{"0":0.5027410984,"1":0.2402585,"2":0.0877345949,"3":0.0785475895,"4":0.0904486403,"5":0.0242098607,"6":0.0459723957,"7":0.0502249338,"8":0.0116226543,"9":0.0225638431},"sparse_categorical_accuracy":{"0":0.753223896,"1":0.9067995548,"2":0.9724501967,"3":0.9730363488,"4":0.9677608609,"5":0.9935521483,"6":0.9830011725,"7":0.9853458405,"8":0.9958968163,"9":0.9929659963},"val_loss":{"0":0.4497989118,"1":0.6093609333,"2":0.7175325751,"3":0.866689086,"4":0.6268373728,"5":1.1188793182,"6":0.938870728,"7":0.9126209021,"8":0.8533765674,"9":0.9818232059},"val_sparse_categorical_accuracy":{"0":0.8076922894,"1":0.7570356727,"2":0.7964352965,"3":0.7917448282,"4":0.8020637631,"5":0.7842401266,"6":0.8170731664,"7":0.8058161139,"8":0.795497179,"9":0.7870544195}}