{"evaluation_accuracy":{"0":0.715123117,"1":0.715123117,"2":0.715123117,"3":0.715123117,"4":0.715123117,"5":0.715123117,"6":0.715123117,"7":0.715123117,"8":0.715123117,"9":0.715123117},"loss":{"0":0.3949802816,"1":0.098662734,"2":0.0510321222,"3":0.0328170098,"4":0.0280977786,"5":0.0126427477,"6":0.0224167444,"7":0.0491887331,"8":0.0006984972,"9":0.0951882452},"sparse_categorical_accuracy":{"0":0.8300117254,"1":0.9698124528,"2":0.9844666123,"3":0.9894490242,"4":0.9917936921,"5":0.996776104,"6":0.9917936921,"7":0.9859319925,"8":1.0,"9":0.9724501967},"val_loss":{"0":0.5537228584,"1":0.6579758525,"2":0.685352385,"3":1.1796189547,"4":1.122979641,"5":1.291285038,"6":2.0130794048,"7":0.997597754,"8":1.540168047,"9":1.3400110006},"val_sparse_categorical_accuracy":{"0":0.7917448282,"1":0.7983114719,"2":0.7804877758,"3":0.7804877758,"4":0.7804877758,"5":0.7973733544,"6":0.7073170543,"7":0.7757973671,"8":0.7748593092,"9":0.6941838861}}