{"evaluation_accuracy":{"0":0.7781360149,"1":0.7781360149,"2":0.7781360149,"3":0.7781360149,"4":0.7781360149,"5":0.7781360149,"6":0.7781360149,"7":0.7781360149,"8":0.7781360149,"9":0.7781360149},"loss":{"0":0.6942910552,"1":0.6324725747,"2":0.4980762005,"3":0.295761317,"4":0.1155143604,"5":0.0705793574,"6":0.0540154167,"7":0.041594144,"8":0.0820146948,"9":0.0867408067},"sparse_categorical_accuracy":{"0":0.5486518145,"1":0.6248534322,"2":0.7760844231,"3":0.8804220557,"4":0.9677608609,"5":0.9788979888,"6":0.9853458405,"7":0.9871043563,"8":0.9765533209,"9":0.9794842005},"val_loss":{"0":0.6916274428,"1":0.6999117732,"2":0.4381646216,"3":0.4575295448,"4":0.8730854392,"5":0.9279904962,"6":0.9637767076,"7":1.0713428259,"8":1.1538165808,"9":0.8237057924},"val_sparse_categorical_accuracy":{"0":0.5056285262,"1":0.5787992477,"2":0.8001875877,"3":0.7795497179,"4":0.7870544195,"5":0.7711069584,"6":0.7729831338,"7":0.7729831338,"8":0.769230783,"9":0.7579737306}}