{"evaluation_accuracy":{"0":0.7999706864,"1":0.7999706864,"2":0.7999706864,"3":0.7999706864,"4":0.7999706864,"5":0.7999706864,"6":0.7999706864,"7":0.7999706864,"8":0.7999706864,"9":0.7999706864},"loss":{"0":0.560869813,"1":0.3216923773,"2":0.0986101106,"3":0.0946437195,"4":0.0502546132,"5":0.0332187563,"6":0.0257486906,"7":0.0591282733,"8":0.0648563579,"9":0.0310821123},"sparse_categorical_accuracy":{"0":0.718640089,"1":0.873388052,"2":0.9671746492,"3":0.9618991613,"4":0.9841734767,"5":0.9912074804,"6":0.9923798442,"7":0.9859319925,"8":0.9765533209,"9":0.9900351763},"val_loss":{"0":0.4952279925,"1":0.4702435136,"2":0.8330829144,"3":0.7197501063,"4":0.8689978719,"5":0.8426123261,"6":0.9295272231,"7":0.7779541612,"8":0.9288304448,"9":0.9836991429},"val_sparse_categorical_accuracy":{"0":0.7879924774,"1":0.7936210036,"2":0.7551594973,"3":0.7636022568,"4":0.7833020687,"5":0.77861166,"6":0.804878056,"7":0.7842401266,"8":0.7382739186,"9":0.7879924774}}