{"evaluation_accuracy":{"0":0.5,"1":0.5,"2":0.5,"3":0.5,"4":0.5,"5":0.5,"6":0.5,"7":0.5,"8":0.5,"9":0.5},"loss":{"0":0.6784598231,"1":0.6403307319,"2":0.5863316059,"3":0.4721530974,"4":0.3615106344,"5":0.2545827329,"6":0.1689525992,"7":0.1310584098,"8":0.0793188363,"9":0.0541785881},"sparse_categorical_accuracy":{"0":0.6000000238,"1":0.8000000119,"2":1.0,"3":1.0,"4":1.0,"5":1.0,"6":1.0,"7":1.0,"8":1.0,"9":1.0},"val_loss":{"0":0.6377460361,"1":0.6456835866,"2":0.7139915228,"3":0.8584882617,"4":0.9376033545,"5":1.0635620356,"6":1.1730229855,"7":1.1782381535,"8":1.0622440577,"9":0.9501506686},"val_sparse_categorical_accuracy":{"0":1.0,"1":1.0,"2":0.400000006,"3":0.1000000015,"4":0.3000000119,"5":0.3000000119,"6":0.400000006,"7":0.5,"8":0.5,"9":0.6000000238}}