{"evaluation_accuracy":{"0":0.7986518145,"1":0.7986518145,"2":0.7986518145,"3":0.7986518145,"4":0.7986518145,"5":0.7986518145,"6":0.7986518145,"7":0.7986518145,"8":0.7986518145,"9":0.7986518145},"loss":{"0":0.5717962384,"1":0.3034830987,"2":0.147284627,"3":0.0745427832,"4":0.0731678531,"5":0.0258061029,"6":0.027837567,"7":0.0411764085,"8":0.0214263592,"9":0.0349244624},"sparse_categorical_accuracy":{"0":0.7016412616,"1":0.8856975436,"2":0.9501758218,"3":0.9730363488,"4":0.9783118367,"5":0.9894490242,"6":0.9935521483,"7":0.9876905084,"8":0.9947245121,"9":0.9906213284},"val_loss":{"0":0.4412524402,"1":0.521600306,"2":0.770583868,"3":0.7630535364,"4":0.9482778907,"5":0.6924260855,"6":0.9239766002,"7":0.7910693288,"8":1.3665394783,"9":0.9118553996},"val_sparse_categorical_accuracy":{"0":0.8039399385,"1":0.7795497179,"2":0.7711069584,"3":0.7889305949,"4":0.786116302,"5":0.7926829457,"6":0.7701688409,"7":0.7776735425,"8":0.77861166,"9":0.7776735425}}