{"evaluation_accuracy":{"0":0.8034877181,"1":0.8034877181,"2":0.8034877181,"3":0.8034877181,"4":0.8034877181,"5":0.8034877181,"6":0.8034877181},"loss":{"0":0.4206851125,"1":0.1089009792,"2":0.0414304696,"3":0.0012421752,"4":0.0578663945,"5":0.0507655255,"6":0.030464774},"sparse_categorical_accuracy":{"0":0.7995310426,"1":0.9639507532,"2":0.9873974323,"3":0.999706924,"4":0.9838804007,"5":0.9844666123,"6":0.9900351763},"val_loss":{"0":0.5517221093,"1":1.0030947924,"2":0.899541676,"3":1.3667442799,"4":0.981417954,"5":0.9459975362,"6":1.1196383238},"val_sparse_categorical_accuracy":{"0":0.7363977432,"1":0.7842401266,"2":0.7983114719,"3":0.7917448282,"4":0.7429643273,"5":0.769230783,"6":0.7682926655}}