{"evaluation_accuracy":{"0":0.7869284749,"1":0.7869284749,"2":0.7869284749,"3":0.7869284749,"4":0.7869284749,"5":0.7869284749,"6":0.7869284749,"7":0.7869284749,"8":0.7869284749,"9":0.7869284749},"loss":{"0":0.3946393728,"1":0.1210602894,"2":0.0515235402,"3":0.041423209,"4":0.0233340096,"5":0.0613970533,"6":0.0117135625,"7":0.0403983109,"8":0.0347698666,"9":0.0375692211},"sparse_categorical_accuracy":{"0":0.8174091578,"1":0.9627784491,"2":0.9835873246,"3":0.9850527644,"4":0.9926729202,"5":0.9821219444,"6":0.996776104,"7":0.9871043563,"8":0.9906213284,"9":0.9865181446},"val_loss":{"0":0.5357454419,"1":0.5667237639,"2":0.8795768619,"3":1.0064555407,"4":0.9338421822,"5":0.6992303133,"6":1.2427209616,"7":1.1943837404,"8":0.9489366412,"9":0.9255114198},"val_sparse_categorical_accuracy":{"0":0.7532833219,"1":0.7964352965,"2":0.7992495298,"3":0.7851782441,"4":0.804878056,"5":0.77861166,"6":0.7814258933,"7":0.7701688409,"8":0.7589118481,"9":0.769230783}}