{"evaluation_accuracy":{"0":0.7640680075,"1":0.7640680075,"2":0.7640680075,"3":0.7640680075,"4":0.7640680075,"5":0.7640680075,"6":0.7640680075,"7":0.7640680075,"8":0.7640680075,"9":0.7640680075},"loss":{"0":0.3682107031,"1":0.0856062099,"2":0.0583753735,"3":0.0400128923,"4":0.0282764994,"5":0.0179798771,"6":0.0050726235,"7":0.0824435353,"8":0.0293997806,"9":0.0715072751},"sparse_categorical_accuracy":{"0":0.8396834731,"1":0.9747948647,"2":0.9827080965,"3":0.9868112803,"4":0.9917936921,"5":0.9926729202,"6":0.9988276958,"7":0.974208653,"8":0.9915005565,"9":0.9809495807},"val_loss":{"0":0.5619572401,"1":0.7196338773,"2":0.8236273527,"3":1.2342892885,"4":0.9510646462,"5":1.2815191746,"6":1.4317477942,"7":0.7965176702,"8":1.234120965,"9":0.8371520638},"val_sparse_categorical_accuracy":{"0":0.8095684648,"1":0.7720450163,"2":0.7804877758,"3":0.7626641393,"4":0.7532833219,"5":0.7720450163,"6":0.7636022568,"7":0.7870544195,"8":0.7767354846,"9":0.7551594973}}