{"evaluation_accuracy":{"0":0.7825322151,"1":0.7825322151,"2":0.7825322151,"3":0.7825322151,"4":0.7825322151,"5":0.7825322151,"6":0.7825322151,"7":0.7825322151,"8":0.7825322151,"9":0.7825322151},"loss":{"0":0.3794741929,"1":0.1280031353,"2":0.0534357205,"3":0.0427159257,"4":0.0180173386,"5":0.0235008486,"6":0.0359781608,"7":0.0095417686,"8":0.0300553329,"9":0.0426763594},"sparse_categorical_accuracy":{"0":0.8347010612,"1":0.9545720816,"2":0.9832942486,"3":0.9871043563,"4":0.9956037402,"5":0.9926729202,"6":0.9876905084,"7":0.9973622561,"8":0.9900351763,"9":0.9862250686},"val_loss":{"0":0.5078906417,"1":0.6903318763,"2":0.7899385095,"3":0.7205126882,"4":1.3035538197,"5":0.9202799201,"6":0.9687259793,"7":1.1382668018,"8":0.9524080157,"9":0.610732913},"val_sparse_categorical_accuracy":{"0":0.8086304069,"1":0.786116302,"2":0.7823639512,"3":0.7898686528,"4":0.7664164901,"5":0.7729831338,"6":0.7711069584,"7":0.7757973671,"8":0.6069418192,"9":0.7682926655}}