{"evaluation_accuracy":{"0":0.8428468108,"1":0.8428468108,"2":0.8428468108,"3":0.8428468108,"4":0.8428468108,"5":0.8428468108,"6":0.8428468108,"7":0.8428468108,"8":0.8428468108},"loss":{"0":0.5493305922,"1":0.3174026012,"2":0.1581841558,"3":0.108397387,"4":0.0500700027,"5":0.0274446886,"6":0.0563686565,"7":0.0446028523,"8":0.0288517512},"sparse_categorical_accuracy":{"0":0.6958092451,"1":0.8800578117,"2":0.9443641901,"3":0.9653179049,"4":0.9877167344,"5":0.9920520186,"6":0.9841040373,"7":0.9826589823,"8":0.9949421883},"val_loss":{"0":0.340103209,"1":0.4002497196,"2":0.6228356957,"3":0.3940114081,"4":0.5200155377,"5":0.6722788215,"6":0.5832032561,"7":0.6413577795,"8":0.6915667057},"val_sparse_categorical_accuracy":{"0":0.8588687778,"1":0.8418451548,"2":0.7924217582,"3":0.8451400399,"4":0.8539264202,"5":0.8319604397,"6":0.835804522,"7":0.8385502696,"8":0.8473366499}}