{"evaluation_accuracy":{"0":0.8459176421,"1":0.8459176421,"2":0.8459176421,"3":0.8459176421,"4":0.8459176421,"5":0.8459176421,"6":0.8459176421,"7":0.8459176421,"8":0.8459176421,"9":0.8459176421},"loss":{"0":0.47852391,"1":0.1748391688,"2":0.1249156818,"3":0.0705921724,"4":0.1009095013,"5":0.0529269055,"6":0.0382644013,"7":0.0237384606,"8":0.0354847088,"9":0.0360396653},"sparse_categorical_accuracy":{"0":0.7832369804,"1":0.9443641901,"2":0.9595375657,"3":0.9797688127,"4":0.9696531892,"5":0.9855491519,"6":0.9884393215,"7":0.9920520186,"8":0.989161849,"9":0.9877167344},"val_loss":{"0":0.3470787406,"1":0.3971803188,"2":0.5229110718,"3":0.7415978909,"4":0.4874611795,"5":0.6048803329,"6":0.5537871718,"7":1.1066390276,"8":1.0380126238,"9":0.6940970421},"val_sparse_categorical_accuracy":{"0":0.8572213054,"1":0.8605161905,"2":0.825919807,"3":0.7688083649,"4":0.8495332003,"5":0.8698517084,"6":0.8649094105,"7":0.7364085913,"8":0.806150496,"9":0.8627128005}}