{"evaluation_accuracy":{"0":0.8139451146,"1":0.8139451146,"2":0.8139451146,"3":0.8139451146,"4":0.8139451146,"5":0.8139451146,"6":0.8139451146,"7":0.8139451146,"8":0.8139451146,"9":0.8139451146},"loss":{"0":0.5146186352,"1":0.2299492508,"2":0.0933790579,"3":0.0422587357,"4":0.062916398,"5":0.0334505253,"6":0.0500227436,"7":0.0259393044,"8":0.0334213935,"9":0.0303832293},"sparse_categorical_accuracy":{"0":0.7420520186,"1":0.9104046226,"2":0.9703757167,"3":0.9884393215,"4":0.9819363952,"5":0.9927745461,"6":0.9848265648,"7":0.9934971333,"8":0.9906069636,"9":0.9920520186},"val_loss":{"0":0.3665824234,"1":0.3531342447,"2":0.4643840492,"3":0.5914945006,"4":0.3794097006,"5":0.6990987062,"6":0.5761995316,"7":0.6287212372,"8":0.7039135098,"9":0.6745720506},"val_sparse_categorical_accuracy":{"0":0.84074682,"1":0.8687534332,"2":0.8616145253,"3":0.8478857875,"4":0.8621636629,"5":0.8412960172,"6":0.8583195806,"7":0.8369027972,"8":0.8445909023,"9":0.8143876791}}