{"evaluation_accuracy":{"0":0.8451951146,"1":0.8451951146,"2":0.8451951146,"3":0.8451951146,"4":0.8451951146,"5":0.8451951146,"6":0.8451951146,"7":0.8451951146,"8":0.8451951146,"9":0.8451951146},"loss":{"0":0.5059162378,"1":0.2378319949,"2":0.1078133136,"3":0.0828145519,"4":0.0573444739,"5":0.0288369153,"6":0.0423933826,"7":0.019728912,"8":0.0147274425,"9":0.0324027166},"sparse_categorical_accuracy":{"0":0.7507225275,"1":0.9140173197,"2":0.9653179049,"3":0.9710982442,"4":0.9790462255,"5":0.9913294911,"6":0.9855491519,"7":0.9934971333,"8":0.9956647158,"9":0.989161849},"val_loss":{"0":0.347628355,"1":0.3190152347,"2":0.4002519548,"3":0.3759678602,"4":0.5000923872,"5":0.5879691243,"6":0.5492295027,"7":0.571831286,"8":0.7787536979,"9":0.750271678},"val_sparse_categorical_accuracy":{"0":0.8583195806,"1":0.872597456,"2":0.8445909023,"3":0.8632619381,"4":0.8478857875,"5":0.8627128005,"6":0.8517298102,"7":0.8583195806,"8":0.8423942924,"9":0.8412960172}}