{"evaluation_accuracy":{"0":0.8379696608,"1":0.8379696608,"2":0.8379696608,"3":0.8379696608,"4":0.8379696608,"5":0.8379696608,"6":0.8379696608,"7":0.8379696608,"8":0.8379696608},"loss":{"0":0.6227731109,"1":0.3434841037,"2":0.1351779401,"3":0.0660171211,"4":0.0521948487,"5":0.0076447744,"6":0.0733852163,"7":0.0391109399,"8":0.039079003},"sparse_categorical_accuracy":{"0":0.6387283206,"1":0.8677745461,"2":0.9537572265,"3":0.9804913402,"4":0.9819363952,"5":0.9985548854,"6":0.9797688127,"7":0.9913294911,"8":0.9898843765},"val_loss":{"0":0.4502742589,"1":0.3575175107,"2":0.5672877431,"3":0.5795282125,"4":0.4481857419,"5":0.6745795012,"6":0.5832794309,"7":0.7552235723,"8":0.6124289632},"val_sparse_categorical_accuracy":{"0":0.8429434299,"1":0.8544755578,"2":0.8165842891,"3":0.8500823975,"4":0.8588687778,"5":0.8610653281,"6":0.84074682,"7":0.8171334267,"8":0.8500823975}}