{"evaluation_accuracy":{"0":0.8128612638,"1":0.8128612638,"2":0.8128612638,"3":0.8128612638,"4":0.8128612638,"5":0.8128612638,"6":0.8128612638,"7":0.8128612638,"8":0.8128612638,"9":0.8128612638},"loss":{"0":0.5882568955,"1":0.3606187999,"2":0.1786645502,"3":0.1114442274,"4":0.0779625624,"5":0.0285706241,"6":0.0425447226,"7":0.0696532652,"8":0.0209188592,"9":0.0468505844},"sparse_categorical_accuracy":{"0":0.6770231128,"1":0.8460982442,"2":0.9378612638,"3":0.9674855471,"4":0.9790462255,"5":0.9942196608,"6":0.9833815098,"7":0.9797688127,"8":0.9927745461,"9":0.9862716794},"val_loss":{"0":0.4281665683,"1":0.4193744957,"2":0.3596863151,"3":0.5712566972,"4":0.5117079616,"5":0.6150102019,"6":0.7800825238,"7":0.6670970917,"8":0.6922837496,"9":0.5718088746},"val_sparse_categorical_accuracy":{"0":0.8248215318,"1":0.8083470464,"2":0.8522789478,"3":0.8423942924,"4":0.8544755578,"5":0.8511806726,"6":0.8445909023,"7":0.820977509,"8":0.8127402663,"9":0.8292146921}}