{"evaluation_accuracy":{"0":0.8244219422,"1":0.8244219422,"2":0.8244219422,"3":0.8244219422,"4":0.8244219422,"5":0.8244219422,"6":0.8244219422,"7":0.8244219422,"8":0.8244219422,"9":0.8244219422},"loss":{"0":0.4955349863,"1":0.2158582658,"2":0.1159037203,"3":0.0572303496,"4":0.0330083892,"5":0.0597237721,"6":0.0265786964,"7":0.0317086503,"8":0.0448493026,"9":0.0472607538},"sparse_categorical_accuracy":{"0":0.7536126971,"1":0.921965301,"2":0.9580925107,"3":0.9848265648,"4":0.9898843765,"5":0.9826589823,"6":0.9913294911,"7":0.989161849,"8":0.9841040373,"9":0.9819363952},"val_loss":{"0":0.4073216319,"1":0.373960793,"2":0.4040004611,"3":0.4616572559,"4":0.7778105736,"5":0.8208681345,"6":1.0985873938,"7":0.741096437,"8":0.5892573595,"9":0.5802889466},"val_sparse_categorical_accuracy":{"0":0.8198791742,"1":0.8544755578,"2":0.8478857875,"3":0.8605161905,"4":0.7841845155,"5":0.8275672793,"6":0.8012081385,"7":0.857770443,"8":0.8253706694,"9":0.8264689445}}