{"evaluation_accuracy":{"0":0.8235188127,"1":0.8235188127,"2":0.8235188127,"3":0.8235188127,"4":0.8235188127,"5":0.8235188127,"6":0.8235188127,"7":0.8235188127,"8":0.8235188127,"9":0.8235188127},"loss":{"0":0.4704574943,"1":0.2114221156,"2":0.0815282688,"3":0.0618776977,"4":0.0544838831,"5":0.0276835561,"6":0.0222567432,"7":0.0282321665,"8":0.0247767903,"9":0.0016685948},"sparse_categorical_accuracy":{"0":0.7644508481,"1":0.9335260391,"2":0.9710982442,"3":0.9761560559,"4":0.9790462255,"5":0.9913294911,"6":0.9934971333,"7":0.9920520186,"8":0.9927745461,"9":0.9992774725},"val_loss":{"0":0.3587813377,"1":0.3202857971,"2":0.5335615873,"3":0.4773896635,"4":0.4033482671,"5":0.5536420345,"6":0.6475538015,"7":0.4537835121,"8":0.5546018481,"9":0.8347944617},"val_sparse_categorical_accuracy":{"0":0.8473366499,"1":0.8693025708,"2":0.8204283118,"3":0.8248215318,"4":0.8780889511,"5":0.8478857875,"6":0.8649094105,"7":0.8429434299,"8":0.8736957908,"9":0.8401976824}}