{"evaluation_accuracy":{"0":0.9403125048,"1":0.9403125048,"2":0.9403125048,"3":0.9403125048,"4":0.9403125048,"5":0.9403125048,"6":0.9403125048,"7":0.9403125048,"8":0.9403125048,"9":0.9403125048},"loss":{"0":0.2878303528,"1":0.1438172609,"2":0.0834151283,"3":0.0479877889,"4":0.0569692478,"5":0.0491069183,"6":0.0214074478,"7":0.0147684095,"8":0.006778786,"9":0.0011592612},"sparse_categorical_accuracy":{"0":0.8943750262,"1":0.9587500095,"2":0.9781249762,"3":0.9837499857,"4":0.9837499857,"5":0.9837499857,"6":0.9931250215,"7":0.9968749881,"8":0.9981250167,"9":1.0},"val_loss":{"0":0.2528157532,"1":0.1694601476,"2":0.2041820884,"3":0.326949656,"4":0.4031149745,"5":0.2262337357,"6":0.2683214247,"7":0.2721962929,"8":0.4211299419,"9":0.3489824235},"val_sparse_categorical_accuracy":{"0":0.9330000281,"1":0.9394999743,"2":0.9300000072,"3":0.9194999933,"4":0.9045000076,"5":0.9139999747,"6":0.9369999766,"7":0.9355000257,"8":0.9244999886,"9":0.9394999743}}