{"evaluation_accuracy":{"0":0.9356250167,"1":0.9356250167,"2":0.9356250167,"3":0.9356250167,"4":0.9356250167,"5":0.9356250167,"6":0.9356250167,"7":0.9356250167,"8":0.9356250167},"loss":{"0":0.3328666389,"1":0.1083387434,"2":0.0484768711,"3":0.0417486951,"4":0.0255638547,"5":0.0020792955,"6":0.0412584655,"7":0.0222649574,"8":0.0136467312},"sparse_categorical_accuracy":{"0":0.8643749952,"1":0.9643750191,"2":0.9806249738,"3":0.9868749976,"4":0.9900000095,"5":0.9993749857,"6":0.9881250262,"7":0.9937499762,"8":0.9950000048},"val_loss":{"0":0.1630692482,"1":0.157431379,"2":0.4141047001,"3":0.2466390431,"4":0.2674203515,"5":1.0752108097,"6":0.2549685836,"7":0.2847569585,"8":0.3198034167},"val_sparse_categorical_accuracy":{"0":0.9330000281,"1":0.9495000243,"2":0.8939999938,"3":0.9419999719,"4":0.9465000033,"5":0.8320000172,"6":0.9375,"7":0.9309999943,"8":0.9340000153}}