{"evaluation_accuracy":{"0":0.9485937357,"1":0.9485937357,"2":0.9485937357,"3":0.9485937357,"4":0.9485937357,"5":0.9485937357,"6":0.9485937357,"7":0.9485937357,"8":0.9485937357,"9":0.9485937357},"loss":{"0":0.3132997155,"1":0.1463150531,"2":0.0738515407,"3":0.0365472101,"4":0.0017067651,"5":0.000425271,"6":0.0002344372,"7":0.0001644817,"8":0.0001165408,"9":0.000092287},"sparse_categorical_accuracy":{"0":0.8787500262,"1":0.9518749714,"2":0.9793750048,"3":0.9912499785,"4":1.0,"5":1.0,"6":1.0,"7":1.0,"8":1.0,"9":1.0},"val_loss":{"0":0.2327441722,"1":0.1996333748,"2":0.2058350146,"3":0.188103199,"4":0.2502698302,"5":0.2756631374,"6":0.2908974886,"7":0.305973053,"8":0.316185683,"9":0.3265706003},"val_sparse_categorical_accuracy":{"0":0.9210000038,"1":0.9409999847,"2":0.9375,"3":0.9465000033,"4":0.9480000138,"5":0.949000001,"6":0.9480000138,"7":0.949000001,"8":0.9474999905,"9":0.9484999776}}