{"evaluation_accuracy":{"0":0.9275000095,"1":0.9275000095,"2":0.9275000095,"3":0.9275000095,"4":0.9275000095,"5":0.9275000095,"6":0.9275000095,"7":0.9275000095,"8":0.9275000095,"9":0.9275000095},"loss":{"0":0.2928467393,"1":0.1762473434,"2":0.1138245463,"3":0.0526707061,"4":0.0382717736,"5":0.0256389696,"6":0.0224103387,"7":0.0212451834,"8":0.0444410667,"9":0.0473185442},"sparse_categorical_accuracy":{"0":0.8756250143,"1":0.9462500215,"2":0.9681249857,"3":0.9831249714,"4":0.9881250262,"5":0.9943749905,"6":0.9937499762,"7":0.9943749905,"8":0.984375,"9":0.9868749976},"val_loss":{"0":0.1728051007,"1":0.1723852754,"2":0.2336780727,"3":0.2079366744,"4":0.2029082477,"5":0.2147329301,"6":0.2685950994,"7":0.2654956281,"8":0.2199691385,"9":0.2520772517},"val_sparse_categorical_accuracy":{"0":0.9284999967,"1":0.9369999766,"2":0.9039999843,"3":0.9355000257,"4":0.9480000138,"5":0.9455000162,"6":0.9294999838,"7":0.9204999804,"8":0.9250000119,"9":0.9334999919}}