{"evaluation_accuracy":{"0":0.9396874905,"1":0.9396874905,"2":0.9396874905,"3":0.9396874905,"4":0.9396874905,"5":0.9396874905,"6":0.9396874905,"7":0.9396874905,"8":0.9396874905,"9":0.9396874905},"loss":{"0":0.2923729718,"1":0.1040027589,"2":0.0431169271,"3":0.0316593535,"4":0.0451480299,"5":0.0212098025,"6":0.0245402716,"7":0.06247136,"8":0.0141764721,"9":0.0019665537},"sparse_categorical_accuracy":{"0":0.8843749762,"1":0.9674999714,"2":0.9881250262,"3":0.9906250238,"4":0.9887499809,"5":0.9931250215,"6":0.9925000072,"7":0.9825000167,"8":0.9943749905,"9":1.0},"val_loss":{"0":0.2002276927,"1":0.137833938,"2":0.3287799358,"3":0.3198055625,"4":0.2109811753,"5":0.2099293023,"6":0.2223253846,"7":0.2253634483,"8":0.1736104637,"9":0.2720561028},"val_sparse_categorical_accuracy":{"0":0.9304999709,"1":0.9509999752,"2":0.9235000014,"3":0.9039999843,"4":0.9495000243,"5":0.9394999743,"6":0.9399999976,"7":0.9390000105,"8":0.9480000138,"9":0.9440000057}}