{"evaluation_accuracy":{"0":0.9321874976,"1":0.9321874976,"2":0.9321874976,"3":0.9321874976,"4":0.9321874976,"5":0.9321874976,"6":0.9321874976,"7":0.9321874976},"loss":{"0":0.2681371868,"1":0.0817765445,"2":0.0425278656,"3":0.0325844511,"4":0.0228357669,"5":0.040474724,"6":0.051981315,"7":0.0681243688},"sparse_categorical_accuracy":{"0":0.8937500119,"1":0.9718750119,"2":0.9850000143,"3":0.9893749952,"4":0.9925000072,"5":0.9900000095,"6":0.9818750024,"7":0.9831249714},"val_loss":{"0":0.1409437805,"1":0.1408097297,"2":0.3012567461,"3":0.2386603355,"4":0.2374824733,"5":0.2915253341,"6":0.3573364019,"7":0.2837445736},"val_sparse_categorical_accuracy":{"0":0.9449999928,"1":0.9539999962,"2":0.92900002,"3":0.9284999967,"4":0.9399999976,"5":0.9409999847,"6":0.9355000257,"7":0.9319999814}}