{"evaluation_accuracy":{"0":0.9291609526,"1":0.9291609526,"2":0.9291609526,"3":0.9291609526,"4":0.9291609526,"5":0.9291609526,"6":0.9291609526,"7":0.9291609526,"8":0.9291609526,"9":0.9291609526},"loss":{"0":0.900614202,"1":0.2646975219,"2":0.1218683198,"3":0.1518043578,"4":0.0759684518,"5":0.0508377999,"6":0.0227672141,"7":0.0103227384,"8":0.0131564299,"9":0.0017398919},"sparse_categorical_accuracy":{"0":0.7009174228,"1":0.9256880879,"2":0.9651376009,"3":0.9568807483,"4":0.9761468172,"5":0.9862385392,"6":0.9926605225,"7":0.9963302612,"8":0.9972476959,"9":1.0},"val_loss":{"0":0.5732446313,"1":0.3289878964,"2":0.2308001965,"3":0.2428514659,"4":0.2485212386,"5":0.2638248503,"6":0.2366822362,"7":0.389644295,"8":0.2775629163,"9":0.2836322188},"val_sparse_categorical_accuracy":{"0":0.7839999795,"1":0.9179999828,"2":0.9380000234,"3":0.9419999719,"4":0.9539999962,"5":0.9480000138,"6":0.9499999881,"7":0.9160000086,"8":0.9480000138,"9":0.9499999881}}