{"evaluation_accuracy":{"0":0.9245758653,"1":0.9245758653,"2":0.9245758653,"3":0.9245758653,"4":0.9245758653,"5":0.9245758653,"6":0.9245758653,"7":0.9245758653,"8":0.9245758653,"9":0.9245758653},"loss":{"0":0.6619211435,"1":0.1087277383,"2":0.0609923601,"3":0.0744468123,"4":0.0122956,"5":0.0020761134,"6":0.0011346249,"7":0.0008869824,"8":0.0007444257,"9":0.0005484176},"sparse_categorical_accuracy":{"0":0.772018373,"1":0.9738532305,"2":0.9844036698,"3":0.9811926484,"4":0.9972476959,"5":1.0,"6":1.0,"7":1.0,"8":1.0,"9":1.0},"val_loss":{"0":0.225128293,"1":0.2310893238,"2":0.2435090691,"3":0.2083145082,"4":0.2119460255,"5":0.2350271493,"6":0.2321280092,"7":0.2634341121,"8":0.2148257345,"9":0.2136966884},"val_sparse_categorical_accuracy":{"0":0.9419999719,"1":0.9520000219,"2":0.9399999976,"3":0.9419999719,"4":0.9499999881,"5":0.9539999962,"6":0.9559999704,"7":0.9520000219,"8":0.9599999785,"9":0.9620000124}}