{"evaluation_accuracy":{"0":0.9215955734,"1":0.9215955734,"2":0.9215955734,"3":0.9215955734,"4":0.9215955734,"5":0.9215955734,"6":0.9215955734,"7":0.9215955734,"8":0.9215955734,"9":0.9215955734},"loss":{"0":1.1040894985,"1":0.3815739751,"2":0.1884142011,"3":0.0804262683,"4":0.0992304608,"5":0.1366141737,"6":0.0616054572,"7":0.0213415399,"8":0.0236082599,"9":0.0036234709},"sparse_categorical_accuracy":{"0":0.5889908075,"1":0.8871559501,"2":0.948623836,"3":0.9798164964,"4":0.9752293825,"5":0.9660550356,"6":0.9853211045,"7":0.9944953918,"8":0.9972476959,"9":1.0},"val_loss":{"0":0.5021095276,"1":0.4103247523,"2":0.2323343158,"3":0.3072118461,"4":0.3750398755,"5":0.2288634032,"6":0.273327142,"7":0.2617791295,"8":0.259855777,"9":0.2751449943},"val_sparse_categorical_accuracy":{"0":0.8659999967,"1":0.8960000277,"2":0.9340000153,"3":0.9300000072,"4":0.8999999762,"5":0.9419999719,"6":0.9380000234,"7":0.94599998,"8":0.94599998,"9":0.9539999962}}