{"evaluation_accuracy":{"0":0.9303072095,"1":0.9303072095,"2":0.9303072095,"3":0.9303072095,"4":0.9303072095,"5":0.9303072095,"6":0.9303072095,"7":0.9303072095,"8":0.9303072095,"9":0.9303072095},"loss":{"0":0.9875075221,"1":0.2512139082,"2":0.1025134549,"3":0.0632908419,"4":0.0459557436,"5":0.0531314127,"6":0.0050934446,"7":0.0014346095,"8":0.0010507698,"9":0.0008162998},"sparse_categorical_accuracy":{"0":0.6288990974,"1":0.9293578267,"2":0.9747706652,"3":0.9825688004,"4":0.9857798219,"5":0.989908278,"6":0.9995412827,"7":1.0,"8":1.0,"9":1.0},"val_loss":{"0":0.255025655,"1":0.3300837576,"2":0.2248263061,"3":0.4279560745,"4":0.2781933546,"5":0.2734517157,"6":0.3019277453,"7":0.3165780008,"8":0.3256707191,"9":0.3330206275},"val_sparse_categorical_accuracy":{"0":0.9240000248,"1":0.9120000005,"2":0.9440000057,"3":0.9139999747,"4":0.9359999895,"5":0.9380000234,"6":0.9380000234,"7":0.9399999976,"8":0.9440000057,"9":0.9440000057}}