{"evaluation_accuracy":{"0":0.8979825974,"1":0.8979825974,"2":0.8979825974,"3":0.8979825974,"4":0.8979825974,"5":0.8979825974},"loss":{"0":0.5926979184,"1":0.0900936127,"2":0.0348349251,"3":0.0398571491,"4":0.1136925966,"5":0.0773456693},"sparse_categorical_accuracy":{"0":0.7926605344,"1":0.9733945131,"2":0.9917431474,"3":0.989908278,"4":0.9766054749,"5":0.9811926484},"val_loss":{"0":0.1895357817,"1":0.2685652673,"2":0.2841733098,"3":0.4080080986,"4":0.3978287876,"5":0.3555239141},"val_sparse_categorical_accuracy":{"0":0.9520000219,"1":0.9419999719,"2":0.9300000072,"3":0.8999999762,"4":0.9120000005,"5":0.925999999}}