{"evaluation_accuracy":{"0":0.9280146956,"1":0.9280146956,"2":0.9280146956,"3":0.9280146956,"4":0.9280146956,"5":0.9280146956,"6":0.9280146956,"7":0.9280146956,"8":0.9280146956,"9":0.9280146956},"loss":{"0":0.573372364,"1":0.0811000094,"2":0.0582429618,"3":0.0132108359,"4":0.0484478548,"5":0.0086574834,"6":0.0013892411,"7":0.0007320948,"8":0.0005742181,"9":0.0004630193},"sparse_categorical_accuracy":{"0":0.8133027554,"1":0.9770641923,"2":0.9876146913,"3":0.9972476959,"4":0.9871559739,"5":0.998623848,"6":1.0,"7":1.0,"8":1.0,"9":1.0},"val_loss":{"0":0.2314049006,"1":0.5598156452,"2":0.3787662387,"3":0.2342665642,"4":0.2538460493,"5":0.2713686526,"6":0.3239683211,"7":0.3359222412,"8":0.3458409905,"9":0.3453974724},"val_sparse_categorical_accuracy":{"0":0.94599998,"1":0.8560000062,"2":0.9060000181,"3":0.9480000138,"4":0.9440000057,"5":0.9440000057,"6":0.9419999719,"7":0.9399999976,"8":0.9399999976,"9":0.9419999719}}