{"evaluation_accuracy":{"0":0.9154057503,"1":0.9154057503,"2":0.9154057503,"3":0.9154057503,"4":0.9154057503,"5":0.9154057503,"6":0.9154057503,"7":0.9154057503},"loss":{"0":0.6358974576,"1":0.1048883721,"2":0.0412393473,"3":0.0303199831,"4":0.0162202884,"5":0.0799290538,"6":0.058757998,"7":0.0661006048},"sparse_categorical_accuracy":{"0":0.7811926603,"1":0.9733945131,"2":0.9894495606,"3":0.9926605225,"4":0.9958715439,"5":0.979357779,"6":0.9844036698,"7":0.9848623872},"val_loss":{"0":0.2772935629,"1":0.2298443615,"2":0.2789793909,"3":0.2143698484,"4":0.340289861,"5":0.2915901244,"6":0.4505827129,"7":0.2503204644},"val_sparse_categorical_accuracy":{"0":0.9120000005,"1":0.9440000057,"2":0.9319999814,"3":0.9480000138,"4":0.9300000072,"5":0.9219999909,"6":0.8939999938,"7":0.9480000138}}