{"evaluation_accuracy":{"0":0.9172397852,"1":0.9172397852,"2":0.9172397852,"3":0.9172397852,"4":0.9172397852,"5":0.9172397852,"6":0.9172397852,"7":0.9172397852,"8":0.9172397852,"9":0.9172397852},"loss":{"0":0.8436108232,"1":0.2368575037,"2":0.0949846581,"3":0.0537332967,"4":0.0506607927,"5":0.0165139716,"6":0.079632476,"7":0.0308091827,"8":0.0019689277,"9":0.0008573094},"sparse_categorical_accuracy":{"0":0.6876146793,"1":0.9362385273,"2":0.9733945131,"3":0.9862385392,"4":0.9876146913,"5":0.9972476959,"6":0.9807339311,"7":0.9935779572,"8":1.0,"9":1.0},"val_loss":{"0":0.3109464943,"1":0.2639331222,"2":0.2111080587,"3":0.2417072952,"4":0.2702968717,"5":0.3735410869,"6":0.3522040546,"7":0.2704695165,"8":0.292955786,"9":0.3051552773},"val_sparse_categorical_accuracy":{"0":0.9039999843,"1":0.9200000167,"2":0.9440000057,"3":0.9440000057,"4":0.9359999895,"5":0.9340000153,"6":0.9300000072,"7":0.94599998,"8":0.9499999881,"9":0.9499999881}}