{"evaluation_accuracy":{"0":0.8920220137,"1":0.8920220137,"2":0.8920220137,"3":0.8920220137,"4":0.8920220137,"5":0.8920220137,"6":0.8920220137,"7":0.8920220137,"8":0.8920220137,"9":0.8920220137},"loss":{"0":0.6061477661,"1":0.0905849785,"2":0.0722807273,"3":0.0344338305,"4":0.033802826,"5":0.0366389416,"6":0.056194324,"7":0.0099585624,"8":0.0020666001,"9":0.0109164007},"sparse_categorical_accuracy":{"0":0.7954128385,"1":0.9743119478,"2":0.9775229096,"3":0.9922018051,"4":0.9917431474,"5":0.99128443,"6":0.9894495606,"7":0.9977064133,"8":0.9995412827,"9":0.998623848},"val_loss":{"0":0.2741980851,"1":0.2047982961,"2":0.4415821731,"3":0.2871111929,"4":0.2507708073,"5":0.2422088981,"6":0.268147409,"7":0.4623091817,"8":0.3525452912,"9":0.8284220099},"val_sparse_categorical_accuracy":{"0":0.9440000057,"1":0.9499999881,"2":0.8859999776,"3":0.9359999895,"4":0.9419999719,"5":0.9340000153,"6":0.9340000153,"7":0.9240000248,"8":0.9399999976,"9":0.8759999871}}