{"evaluation_accuracy":{"0":0.9238881469,"1":0.9238881469,"2":0.9238881469,"3":0.9238881469,"4":0.9238881469,"5":0.9238881469,"6":0.9238881469,"7":0.9238881469,"8":0.9238881469,"9":0.9238881469},"loss":{"0":0.9307225943,"1":0.2974790931,"2":0.1696993113,"3":0.1076287925,"4":0.0240547936,"5":0.0082327221,"6":0.003568253,"7":0.0023704018,"8":0.0018883786,"9":0.001527826},"sparse_categorical_accuracy":{"0":0.6862385273,"1":0.916513741,"2":0.9532110095,"3":0.9724770784,"4":0.9935779572,"5":0.9981651306,"6":1.0,"7":1.0,"8":1.0,"9":1.0},"val_loss":{"0":0.3728174865,"1":0.3697318733,"2":0.1985716224,"3":0.1838253886,"4":0.2836960256,"5":0.2964375913,"6":0.251883775,"7":0.2578640282,"8":0.2682172358,"9":0.2753617465},"val_sparse_categorical_accuracy":{"0":0.8939999938,"1":0.8920000196,"2":0.9499999881,"3":0.9559999704,"4":0.9340000153,"5":0.9380000234,"6":0.9480000138,"7":0.9480000138,"8":0.9499999881,"9":0.9499999881}}