{"evaluation_accuracy":{"0":0.9176983237,"1":0.9176983237,"2":0.9176983237,"3":0.9176983237,"4":0.9176983237,"5":0.9176983237,"6":0.9176983237,"7":0.9176983237,"8":0.9176983237},"loss":{"0":0.9527260661,"1":0.2910588682,"2":0.1464873403,"3":0.0581023619,"4":0.045276776,"5":0.0450720973,"6":0.0675774217,"7":0.0690483674,"8":0.1272517294},"sparse_categorical_accuracy":{"0":0.6605504751,"1":0.9137614965,"2":0.9568807483,"3":0.9844036698,"4":0.9908257127,"5":0.989908278,"6":0.9834862351,"7":0.9853211045,"8":0.9706422091},"val_loss":{"0":0.5405687094,"1":0.2547641695,"2":0.2378632128,"3":0.2339793146,"4":0.2828218043,"5":0.2938497663,"6":0.3317539096,"7":0.2498887926,"8":0.2057770342},"val_sparse_categorical_accuracy":{"0":0.8320000172,"1":0.9359999895,"2":0.9399999976,"3":0.94599998,"4":0.925999999,"5":0.9380000234,"6":0.9060000181,"7":0.9419999719,"8":0.9559999704}}