{"evaluation_accuracy":{"0":0.9206786156,"1":0.9206786156,"2":0.9206786156,"3":0.9206786156,"4":0.9206786156,"5":0.9206786156,"6":0.9206786156,"7":0.9206786156,"8":0.9206786156,"9":0.9206786156},"loss":{"0":1.0686730146,"1":0.3554367125,"2":0.1533717662,"3":0.0827254429,"4":0.0720579475,"5":0.1218770742,"6":0.0575078651,"7":0.0312203616,"8":0.0281618945,"9":0.0062653986},"sparse_categorical_accuracy":{"0":0.6018348336,"1":0.8999999762,"2":0.9596330523,"3":0.9788990617,"4":0.9807339311,"5":0.9651376009,"6":0.9871559739,"7":0.9917431474,"8":0.9926605225,"9":0.9990825653},"val_loss":{"0":0.402992636,"1":0.353109926,"2":0.2609347105,"3":0.2904991806,"4":0.3449969292,"5":0.215017736,"6":0.2248432487,"7":0.3983095288,"8":0.2689328194,"9":0.2676835954},"val_sparse_categorical_accuracy":{"0":0.8799999952,"1":0.8500000238,"2":0.9380000234,"3":0.9240000248,"4":0.9139999747,"5":0.9520000219,"6":0.9520000219,"7":0.9200000167,"8":0.9399999976,"9":0.9520000219}}