{"evaluation_accuracy":{"0":0.92274189,"1":0.92274189,"2":0.92274189,"3":0.92274189,"4":0.92274189,"5":0.92274189,"6":0.92274189,"7":0.92274189,"8":0.92274189,"9":0.92274189},"loss":{"0":0.9095711708,"1":0.2646273375,"2":0.1202298254,"3":0.0659745559,"4":0.0686556622,"5":0.0933579654,"6":0.0597726814,"7":0.0248802174,"8":0.0188800357,"9":0.0201580059},"sparse_categorical_accuracy":{"0":0.6706421971,"1":0.9266055226,"2":0.9651376009,"3":0.9807339311,"4":0.9834862351,"5":0.9788990617,"6":0.9880734086,"7":0.9944953918,"8":0.9954128265,"9":0.9963302612},"val_loss":{"0":0.254265964,"1":0.4473578334,"2":0.1836609095,"3":0.2898163199,"4":0.2955693603,"5":0.202203989,"6":0.2673738301,"7":0.2947821617,"8":0.3435155749,"9":0.2229001522},"val_sparse_categorical_accuracy":{"0":0.925999999,"1":0.8679999709,"2":0.9480000138,"3":0.9139999747,"4":0.9279999733,"5":0.9499999881,"6":0.9499999881,"7":0.9419999719,"8":0.9279999733,"9":0.9559999704}}