{"evaluation_accuracy":{"0":0.9007335901,"1":0.9007335901,"2":0.9007335901,"3":0.9007335901,"4":0.9007335901,"5":0.9007335901,"6":0.9007335901,"7":0.9007335901,"8":0.9007335901,"9":0.9007335901},"loss":{"0":1.0681384802,"1":0.3660641909,"2":0.1636786014,"3":0.0775533691,"4":0.0863560513,"5":0.0702933967,"6":0.0533938482,"7":0.0375998355,"8":0.0337289572,"9":0.0378804803},"sparse_categorical_accuracy":{"0":0.6238532066,"1":0.8871559501,"2":0.9568807483,"3":0.9834862351,"4":0.9743119478,"5":0.9761468172,"6":0.9853211045,"7":0.9935779572,"8":0.9935779572,"9":0.9871559739},"val_loss":{"0":0.4725696146,"1":0.475202769,"2":0.2571384907,"3":0.3269457221,"4":0.2732575238,"5":0.2621991038,"6":0.2395450473,"7":0.315199852,"8":0.2993172109,"9":0.2922287583},"val_sparse_categorical_accuracy":{"0":0.8659999967,"1":0.8920000196,"2":0.9319999814,"3":0.9240000248,"4":0.9359999895,"5":0.925999999,"6":0.9380000234,"7":0.9160000086,"8":0.9200000167,"9":0.9340000153}}