{"evaluation_accuracy":{"0":0.9076111913,"1":0.9076111913,"2":0.9076111913,"3":0.9076111913,"4":0.9076111913,"5":0.9076111913,"6":0.9076111913,"7":0.9076111913,"8":0.9076111913,"9":0.9076111913},"loss":{"0":0.620280385,"1":0.1086331755,"2":0.060701739,"3":0.0124569135,"4":0.003350897,"5":0.0013594505,"6":0.0009744599,"7":0.0007801865,"8":0.3624181747,"9":0.121623233},"sparse_categorical_accuracy":{"0":0.7862385511,"1":0.9706422091,"2":0.9853211045,"3":0.998623848,"4":0.9990825653,"5":1.0,"6":1.0,"7":1.0,"8":0.8999999762,"9":0.9706422091},"val_loss":{"0":0.1992948651,"1":0.2659948766,"2":0.3008044362,"3":0.2788822651,"4":0.2928719521,"5":0.293030262,"6":0.3002629578,"7":0.3621085584,"8":0.4013632238,"9":0.3949666023},"val_sparse_categorical_accuracy":{"0":0.9520000219,"1":0.9440000057,"2":0.9419999719,"3":0.9499999881,"4":0.9520000219,"5":0.9499999881,"6":0.9520000219,"7":0.94599998,"8":0.8999999762,"9":0.9240000248}}