{"evaluation_accuracy":{"0":0.9073819518,"1":0.9073819518,"2":0.9073819518,"3":0.9073819518,"4":0.9073819518,"5":0.9073819518},"loss":{"0":0.7036495805,"1":0.1069789827,"2":0.0338159129,"3":0.0668773204,"4":0.1140296832,"5":0.037308421},"sparse_categorical_accuracy":{"0":0.7559633255,"1":0.9688073397,"2":0.9926605225,"3":0.9821100831,"4":0.9761468172,"5":0.99128443},"val_loss":{"0":0.2610664666,"1":0.2437894046,"2":0.2248809487,"3":0.2665496767,"4":0.3110015094,"5":0.2972693741},"val_sparse_categorical_accuracy":{"0":0.9279999733,"1":0.9440000057,"2":0.9419999719,"3":0.9300000072,"4":0.9279999733,"5":0.9240000248}}