{"evaluation_accuracy":{"0":0.9176983237,"1":0.9176983237,"2":0.9176983237,"3":0.9176983237,"4":0.9176983237,"5":0.9176983237,"6":0.9176983237,"7":0.9176983237,"8":0.9176983237,"9":0.9176983237},"loss":{"0":0.559004128,"1":0.0838910937,"2":0.0410928205,"3":0.0770815164,"4":0.0463634357,"5":0.0290688463,"6":0.0652023703,"7":0.0164190084,"8":0.0709841624,"9":0.0134295551},"sparse_categorical_accuracy":{"0":0.8119266033,"1":0.9770641923,"2":0.9908257127,"3":0.979357779,"4":0.9889908433,"5":0.9931192398,"6":0.9862385392,"7":0.9967889786,"8":0.9844036698,"9":0.9977064133},"val_loss":{"0":0.2535080612,"1":0.264246285,"2":0.2902665138,"3":0.3107348382,"4":0.3838143647,"5":0.389829427,"6":0.6746217012,"7":0.3281571269,"8":0.3173299134,"9":0.4232162535},"val_sparse_categorical_accuracy":{"0":0.9359999895,"1":0.9279999733,"2":0.9300000072,"3":0.9240000248,"4":0.9200000167,"5":0.9100000262,"6":0.8820000291,"7":0.9380000234,"8":0.9179999828,"9":0.9219999909}}