{"evaluation_accuracy":{"0":0.8975240588,"1":0.8975240588,"2":0.8975240588,"3":0.8975240588,"4":0.8975240588,"5":0.8975240588,"6":0.8975240588,"7":0.8975240588,"8":0.8975240588},"loss":{"0":0.5836016536,"1":0.1091842875,"2":0.0281944666,"3":0.0029066463,"4":0.0015460715,"5":0.0010972945,"6":0.1965523958,"7":0.0781054497,"8":0.0419648774},"sparse_categorical_accuracy":{"0":0.7967889905,"1":0.9724770784,"2":0.9931192398,"3":1.0,"4":1.0,"5":1.0,"6":0.9477064013,"7":0.9807339311,"8":0.9908257127},"val_loss":{"0":0.2292536944,"1":0.2546674907,"2":0.2222215235,"3":0.2226264179,"4":0.2410002053,"5":0.2529530227,"6":0.2784988582,"7":0.2310562283,"8":0.7042828202},"val_sparse_categorical_accuracy":{"0":0.9359999895,"1":0.9340000153,"2":0.9499999881,"3":0.9520000219,"4":0.9539999962,"5":0.9539999962,"6":0.9079999924,"7":0.9499999881,"8":0.8799999952}}