{"evaluation_accuracy":{"0":0.903713882,"1":0.903713882,"2":0.903713882,"3":0.903713882,"4":0.903713882,"5":0.903713882,"6":0.903713882,"7":0.903713882,"8":0.903713882,"9":0.903713882},"loss":{"0":0.916709125,"1":0.3211527765,"2":0.160352692,"3":0.120001629,"4":0.0402111188,"5":0.0341968611,"6":0.0214916896,"7":0.0233014748,"8":0.0661087185,"9":0.0249591563},"sparse_categorical_accuracy":{"0":0.6724770665,"1":0.9082568884,"2":0.9568807483,"3":0.9688073397,"4":0.989908278,"5":0.9917431474,"6":0.9954128265,"7":0.9926605225,"8":0.9853211045,"9":0.9944953918},"val_loss":{"0":0.4981095493,"1":0.2233669162,"2":0.3055337667,"3":0.188703686,"4":0.2363731861,"5":0.2451101542,"6":0.2389460355,"7":0.3083624244,"8":0.2797703743,"9":0.2328764051},"val_sparse_categorical_accuracy":{"0":0.8439999819,"1":0.9499999881,"2":0.9139999747,"3":0.9539999962,"4":0.9380000234,"5":0.9520000219,"6":0.9520000219,"7":0.9359999895,"8":0.9499999881,"9":0.9499999881}}