{"evaluation_accuracy":{"0":0.9188445807,"1":0.9188445807,"2":0.9188445807,"3":0.9188445807,"4":0.9188445807,"5":0.9188445807,"6":0.9188445807,"7":0.9188445807,"8":0.9188445807,"9":0.9188445807},"loss":{"0":0.836534977,"1":0.2495904267,"2":0.1054127812,"3":0.1380973458,"4":0.1339399368,"5":0.0651872158,"6":0.0537059382,"7":0.0356479436,"8":0.0271752346,"9":0.0069433078},"sparse_categorical_accuracy":{"0":0.7045871615,"1":0.9256880879,"2":0.9733945131,"3":0.9642201662,"4":0.9697247744,"5":0.9844036698,"6":0.9844036698,"7":0.9917431474,"8":0.9935779572,"9":0.9990825653},"val_loss":{"0":0.4033170938,"1":0.207007736,"2":0.231243968,"3":0.2537363172,"4":0.3857492208,"5":0.2082590163,"6":0.2855606079,"7":0.2534806728,"8":0.2369216383,"9":0.2604936659},"val_sparse_categorical_accuracy":{"0":0.8859999776,"1":0.9499999881,"2":0.9380000234,"3":0.9319999814,"4":0.9100000262,"5":0.9440000057,"6":0.9380000234,"7":0.9359999895,"8":0.94599998,"9":0.9440000057}}