{"evaluation_accuracy":{"0":0.9243466258,"1":0.9243466258,"2":0.9243466258,"3":0.9243466258,"4":0.9243466258,"5":0.9243466258,"6":0.9243466258,"7":0.9243466258,"8":0.9243466258,"9":0.9243466258},"loss":{"0":0.6215812564,"1":0.107998237,"2":0.0438116975,"3":0.030594334,"4":0.0093897497,"5":0.0012109843,"6":0.0008715868,"7":0.0006806501,"8":0.0005552923,"9":0.0004692768},"sparse_categorical_accuracy":{"0":0.8009174466,"1":0.9724770784,"2":0.989908278,"3":0.9944953918,"4":0.9990825653,"5":1.0,"6":1.0,"7":1.0,"8":1.0,"9":1.0},"val_loss":{"0":0.2783606648,"1":0.2307466567,"2":0.3615022004,"3":0.2061523944,"4":0.2460378259,"5":0.2521306276,"6":0.2608523369,"7":0.2618446052,"8":0.2693249285,"9":0.2772039473},"val_sparse_categorical_accuracy":{"0":0.9319999814,"1":0.9419999719,"2":0.9179999828,"3":0.9559999704,"4":0.9499999881,"5":0.9480000138,"6":0.9480000138,"7":0.9480000138,"8":0.9480000138,"9":0.9480000138}}