{"evaluation_accuracy":{"0":0.9069234133,"1":0.9069234133,"2":0.9069234133,"3":0.9069234133,"4":0.9069234133,"5":0.9069234133},"loss":{"0":0.5887779593,"1":0.107276246,"2":0.0168386623,"3":0.1001452208,"4":0.0171142351,"5":0.0875480548},"sparse_categorical_accuracy":{"0":0.7954128385,"1":0.9729357958,"2":0.9954128265,"3":0.9715596437,"4":0.9967889786,"5":0.9811926484},"val_loss":{"0":0.2657931745,"1":0.2232575566,"2":0.1812229455,"3":0.1868550777,"4":0.4115203023,"5":0.3171171844},"val_sparse_categorical_accuracy":{"0":0.9279999733,"1":0.9440000057,"2":0.9599999785,"3":0.9520000219,"4":0.9319999814,"5":0.9340000153}}