{"evaluation_accuracy":{"0":0.9154057503,"1":0.9154057503,"2":0.9154057503,"3":0.9154057503,"4":0.9154057503,"5":0.9154057503,"6":0.9154057503,"7":0.9154057503,"8":0.9154057503},"loss":{"0":0.5783746243,"1":0.1292810589,"2":0.066596359,"3":0.0529418997,"4":0.0337677896,"5":0.0171828829,"6":0.0732645169,"7":0.0277124327,"8":0.0701889098},"sparse_categorical_accuracy":{"0":0.8100917339,"1":0.9674311876,"2":0.9821100831,"3":0.9834862351,"4":0.9922018051,"5":0.9963302612,"6":0.9830275178,"7":0.9958715439,"8":0.9825688004},"val_loss":{"0":0.2271575332,"1":0.29430902,"2":0.2996347845,"3":0.3463461101,"4":0.5511934161,"5":0.3612502217,"6":0.3714121878,"7":0.313038826,"8":0.3402414918},"val_sparse_categorical_accuracy":{"0":0.9419999719,"1":0.9160000086,"2":0.9480000138,"3":0.9240000248,"4":0.8939999938,"5":0.925999999,"6":0.9300000072,"7":0.9399999976,"8":0.9399999976}}