{"evaluation_accuracy":{"0":0.9241173863,"1":0.9241173863,"2":0.9241173863,"3":0.9241173863,"4":0.9241173863,"5":0.9241173863,"6":0.9241173863,"7":0.9241173863,"8":0.9241173863,"9":0.9241173863},"loss":{"0":0.9610819817,"1":0.2891231477,"2":0.1147003174,"3":0.0750731453,"4":0.0388599895,"5":0.0270855036,"6":0.0476291478,"7":0.0551981479,"8":0.0129559161,"9":0.0021405146},"sparse_categorical_accuracy":{"0":0.6642201543,"1":0.9055045843,"2":0.9715596437,"3":0.977981627,"4":0.9908257127,"5":0.9935779572,"6":0.989908278,"7":0.9889908433,"8":0.9963302612,"9":1.0},"val_loss":{"0":0.3870301843,"1":0.24606359,"2":0.2182020247,"3":0.2779169977,"4":0.2330885977,"5":0.3699808717,"6":0.3028177023,"7":0.2739330232,"8":0.3351274133,"9":0.3368225396},"val_sparse_categorical_accuracy":{"0":0.8899999857,"1":0.9240000248,"2":0.9380000234,"3":0.925999999,"4":0.94599998,"5":0.9179999828,"6":0.9319999814,"7":0.9319999814,"8":0.9279999733,"9":0.9319999814}}