{"evaluation_accuracy":{"0":0.928702414,"1":0.928702414,"2":0.928702414,"3":0.928702414,"4":0.928702414,"5":0.928702414,"6":0.928702414,"7":0.928702414,"8":0.928702414,"9":0.928702414},"loss":{"0":0.5420874357,"1":0.1129125804,"2":0.0508999862,"3":0.0817902759,"4":0.0211579502,"5":0.0018430657,"6":0.001300898,"7":0.0007538768,"8":0.0005945766,"9":0.0004855398},"sparse_categorical_accuracy":{"0":0.8252293468,"1":0.9706422091,"2":0.9866972566,"3":0.9816513658,"4":0.9963302612,"5":1.0,"6":1.0,"7":1.0,"8":1.0,"9":1.0},"val_loss":{"0":0.2055632323,"1":0.2255990356,"2":0.3055498302,"3":0.2686857283,"4":0.258849591,"5":0.2875558436,"6":0.2921316922,"7":0.3016312718,"8":0.3126410842,"9":0.3238388002},"val_sparse_categorical_accuracy":{"0":0.9440000057,"1":0.9399999976,"2":0.9240000248,"3":0.9419999719,"4":0.9419999719,"5":0.94599998,"6":0.9480000138,"7":0.9480000138,"8":0.9480000138,"9":0.9480000138}}