{"evaluation_accuracy":{"0":0.8995873332,"1":0.8995873332,"2":0.8995873332,"3":0.8995873332,"4":0.8995873332,"5":0.8995873332,"6":0.8995873332,"7":0.8995873332,"8":0.8995873332,"9":0.8995873332},"loss":{"0":0.9493913054,"1":0.2742059529,"2":0.1260879636,"3":0.1082714126,"4":0.0844795704,"5":0.0492602549,"6":0.0256443415,"7":0.0383778326,"8":0.0880153626,"9":0.0334090516},"sparse_categorical_accuracy":{"0":0.6403669715,"1":0.9183486104,"2":0.9633027315,"3":0.9706422091,"4":0.9825688004,"5":0.9862385392,"6":0.9926605225,"7":0.989908278,"8":0.977981627,"9":0.9917431474},"val_loss":{"0":0.2671956122,"1":0.2641184628,"2":0.3491010964,"3":0.2699813545,"4":0.2105199695,"5":0.1745223552,"6":0.2467989624,"7":0.447694391,"8":0.2629196644,"9":0.2962341011},"val_sparse_categorical_accuracy":{"0":0.9279999733,"1":0.9340000153,"2":0.90200001,"3":0.925999999,"4":0.9520000219,"5":0.9580000043,"6":0.9419999719,"7":0.8980000019,"8":0.925999999,"9":0.9240000248}}