{"evaluation_accuracy":{"0":0.92274189,"1":0.92274189,"2":0.92274189,"3":0.92274189,"4":0.92274189,"5":0.92274189,"6":0.92274189},"loss":{"0":0.6920339465,"1":0.1267027259,"2":0.0546869598,"3":0.0241721012,"4":0.0643510073,"5":0.0808971673,"6":0.0293816905},"sparse_categorical_accuracy":{"0":0.7655963302,"1":0.9683486223,"2":0.9885321259,"3":0.9949541092,"4":0.9834862351,"5":0.979357779,"6":0.9908257127},"val_loss":{"0":0.219064787,"1":0.2644347847,"2":0.2853690088,"3":0.2731131911,"4":0.2897785604,"5":0.2714669704,"6":0.2342631072},"val_sparse_categorical_accuracy":{"0":0.9340000153,"1":0.9440000057,"2":0.9480000138,"3":0.94599998,"4":0.9419999719,"5":0.9380000234,"6":0.9480000138}}