{"evaluation_accuracy":{"0":0.912425518,"1":0.912425518,"2":0.912425518,"3":0.912425518,"4":0.912425518,"5":0.912425518,"6":0.912425518,"7":0.912425518,"8":0.912425518},"loss":{"0":0.9707460999,"1":0.246911034,"2":0.1409714669,"3":0.0380255841,"4":0.0482959673,"5":0.0264856331,"6":0.0538792871,"7":0.1258179843,"8":0.0730725527},"sparse_categorical_accuracy":{"0":0.6559633017,"1":0.9366972446,"2":0.960550487,"3":0.9935779572,"4":0.9880734086,"5":0.9935779572,"6":0.9825688004,"7":0.9642201662,"8":0.9807339311},"val_loss":{"0":0.4678636491,"1":0.3031312227,"2":0.1590432674,"3":0.497859478,"4":0.2298073322,"5":0.3653826714,"6":0.3578008711,"7":0.2723655105,"8":0.2825064957},"val_sparse_categorical_accuracy":{"0":0.8880000114,"1":0.9300000072,"2":0.9580000043,"3":0.8320000172,"4":0.94599998,"5":0.925999999,"6":0.9200000167,"7":0.925999999,"8":0.9440000057}}