{"evaluation_accuracy":{"0":0.9149472713,"1":0.9149472713,"2":0.9149472713,"3":0.9149472713,"4":0.9149472713,"5":0.9149472713,"6":0.9149472713},"loss":{"0":0.6593565941,"1":0.1218469217,"2":0.0748514682,"3":0.0143645136,"4":0.022384569,"5":0.0429437496,"6":0.0870058462},"sparse_categorical_accuracy":{"0":0.7637614608,"1":0.967889905,"2":0.9821100831,"3":0.9967889786,"4":0.9931192398,"5":0.9894495606,"6":0.9788990617},"val_loss":{"0":0.2710904479,"1":0.2213637084,"2":0.2169255167,"3":0.2944402993,"4":0.2758313417,"5":0.3047817349,"6":0.3156934083},"val_sparse_categorical_accuracy":{"0":0.9399999976,"1":0.9399999976,"2":0.9399999976,"3":0.9419999719,"4":0.9359999895,"5":0.9319999814,"6":0.9380000234}}