{"evaluation_accuracy":{"0":0.9140302539,"1":0.9140302539,"2":0.9140302539,"3":0.9140302539,"4":0.9140302539,"5":0.9140302539,"6":0.9140302539,"7":0.9140302539,"8":0.9140302539,"9":0.9140302539},"loss":{"0":0.9925734401,"1":0.2959064245,"2":0.1249320209,"3":0.0704333112,"4":0.0371672325,"5":0.0643856749,"6":0.0648552626,"7":0.0224571545,"8":0.0385877006,"9":0.0500374176},"sparse_categorical_accuracy":{"0":0.6376146674,"1":0.9137614965,"2":0.9688073397,"3":0.9844036698,"4":0.9908257127,"5":0.9853211045,"6":0.9862385392,"7":0.9954128265,"8":0.989908278,"9":0.9908257127},"val_loss":{"0":0.3144892454,"1":0.1812763512,"2":0.205517441,"3":0.2255644798,"4":0.2437402606,"5":0.2791265249,"6":0.1422038078,"7":0.2660731077,"8":0.2493540645,"9":0.1813909709},"val_sparse_categorical_accuracy":{"0":0.9179999828,"1":0.9419999719,"2":0.94599998,"3":0.9499999881,"4":0.9300000072,"5":0.9319999814,"6":0.9539999962,"7":0.9419999719,"8":0.9499999881,"9":0.9539999962}}