{"evaluation_accuracy":{"0":0.9055479169,"1":0.9055479169,"2":0.9055479169,"3":0.9055479169,"4":0.9055479169,"5":0.9055479169,"6":0.9055479169,"7":0.9055479169},"loss":{"0":0.9002616405,"1":0.270513773,"2":0.1200996712,"3":0.0573374704,"4":0.0469636843,"5":0.0518443584,"6":0.0679218099,"7":0.1496849507},"sparse_categorical_accuracy":{"0":0.6889908314,"1":0.9155963063,"2":0.967889905,"3":0.9844036698,"4":0.9880734086,"5":0.9844036698,"6":0.9825688004,"7":0.9633027315},"val_loss":{"0":0.4800752699,"1":0.3368205726,"2":0.1671768427,"3":0.2871118486,"4":0.1540272534,"5":0.4304512143,"6":0.2714749873,"7":0.2766756117},"val_sparse_categorical_accuracy":{"0":0.8579999804,"1":0.925999999,"2":0.9499999881,"3":0.8939999938,"4":0.9599999785,"5":0.9219999909,"6":0.9399999976,"7":0.9319999814}}