{"evaluation_accuracy":{"0":0.9252636433,"1":0.9252636433,"2":0.9252636433,"3":0.9252636433,"4":0.9252636433,"5":0.9252636433,"6":0.9252636433,"7":0.9252636433,"8":0.9252636433,"9":0.9252636433},"loss":{"0":0.9038190246,"1":0.2539268136,"2":0.1303551793,"3":0.0627016723,"4":0.0640096813,"5":0.0737621263,"6":0.0522753745,"7":0.0085070059,"8":0.0147203496,"9":0.0017161508},"sparse_categorical_accuracy":{"0":0.6816513538,"1":0.9348623753,"2":0.9660550356,"3":0.9853211045,"4":0.9807339311,"5":0.9761468172,"6":0.9871559739,"7":0.9990825653,"8":0.9954128265,"9":1.0},"val_loss":{"0":0.313157171,"1":0.3280224502,"2":0.308483988,"3":0.2932852507,"4":0.3899533451,"5":0.2902894616,"6":0.3615768552,"7":0.2960735857,"8":0.3198147416,"9":0.3250254989},"val_sparse_categorical_accuracy":{"0":0.9139999747,"1":0.8999999762,"2":0.8939999938,"3":0.9300000072,"4":0.9100000262,"5":0.9300000072,"6":0.9219999909,"7":0.9359999895,"8":0.9419999719,"9":0.9419999719}}