{"evaluation_accuracy":{"0":0.9277853966,"1":0.9277853966,"2":0.9277853966,"3":0.9277853966,"4":0.9277853966,"5":0.9277853966,"6":0.9277853966,"7":0.9277853966,"8":0.9277853966,"9":0.9277853966},"loss":{"0":0.6028226614,"1":0.1059765145,"2":0.0619486831,"3":0.0457771756,"4":0.0588312894,"5":0.0170869902,"6":0.0407193974,"7":0.0256732609,"8":0.0095834499,"9":0.0277507231},"sparse_categorical_accuracy":{"0":0.792201817,"1":0.9701834917,"2":0.9853211045,"3":0.9876146913,"4":0.9839449525,"5":0.9944953918,"6":0.989908278,"7":0.9935779572,"8":0.9981651306,"9":0.9935779572},"val_loss":{"0":0.258046627,"1":0.1353239864,"2":0.198548615,"3":0.2507566214,"4":0.2234392911,"5":0.2836625576,"6":0.231045872,"7":0.3003960848,"8":0.559863627,"9":0.3363942206},"val_sparse_categorical_accuracy":{"0":0.925999999,"1":0.9620000124,"2":0.9559999704,"3":0.9419999719,"4":0.9520000219,"5":0.9380000234,"6":0.9419999719,"7":0.9380000234,"8":0.8820000291,"9":0.9419999719}}