{"evaluation_accuracy":{"0":0.9193030596,"1":0.9193030596,"2":0.9193030596,"3":0.9193030596,"4":0.9193030596,"5":0.9193030596},"loss":{"0":0.6248588562,"1":0.1262271702,"2":0.0245146975,"3":0.0367544591,"4":0.0735712051,"5":0.040128205},"sparse_categorical_accuracy":{"0":0.8068807125,"1":0.9655963182,"2":0.9954128265,"3":0.9903669953,"4":0.9825688004,"5":0.9917431474},"val_loss":{"0":0.3161081374,"1":0.2140308768,"2":0.1953072697,"3":0.3527240455,"4":0.251585871,"5":0.3069344163},"val_sparse_categorical_accuracy":{"0":0.9060000181,"1":0.94599998,"2":0.9559999704,"3":0.925999999,"4":0.9520000219,"5":0.9319999814}}