{"evaluation_accuracy":{"0":0.9154057503,"1":0.9154057503,"2":0.9154057503,"3":0.9154057503,"4":0.9154057503,"5":0.9154057503,"6":0.9154057503,"7":0.9154057503,"8":0.9154057503,"9":0.9154057503},"loss":{"0":1.0922503471,"1":0.3462486565,"2":0.1369160414,"3":0.0983334035,"4":0.0588229895,"5":0.0621895529,"6":0.0114662414,"7":0.0034527332,"8":0.0021523181,"9":0.0113861086},"sparse_categorical_accuracy":{"0":0.6018348336,"1":0.8944954276,"2":0.9660550356,"3":0.9706422091,"4":0.9825688004,"5":0.9844036698,"6":0.9972476959,"7":1.0,"8":1.0,"9":0.9963302612},"val_loss":{"0":0.5975916982,"1":0.3770669699,"2":0.220645085,"3":0.296209693,"4":0.328166306,"5":0.3497852087,"6":0.3791850805,"7":0.3178085089,"8":0.3241847456,"9":0.2486498356},"val_sparse_categorical_accuracy":{"0":0.8280000091,"1":0.9060000181,"2":0.9380000234,"3":0.9319999814,"4":0.925999999,"5":0.9240000248,"6":0.9160000086,"7":0.94599998,"8":0.94599998,"9":0.9480000138}}