{"evaluation_accuracy":{"0":0.9126547575,"1":0.9126547575,"2":0.9126547575,"3":0.9126547575,"4":0.9126547575,"5":0.9126547575,"6":0.9126547575,"7":0.9126547575,"8":0.9126547575,"9":0.9126547575},"loss":{"0":1.0476421118,"1":0.2880772352,"2":0.1405426264,"3":0.1165146753,"4":0.0656854361,"5":0.0196640678,"6":0.0041740676,"7":0.0248626862,"8":0.0054434747,"9":0.1688785106},"sparse_categorical_accuracy":{"0":0.603669703,"1":0.9155963063,"2":0.9587156177,"3":0.9651376009,"4":0.977981627,"5":0.9972476959,"6":1.0,"7":0.9935779572,"8":0.9981651306,"9":0.957798183},"val_loss":{"0":0.4293602109,"1":0.2684698999,"2":0.2474775016,"3":0.2619483471,"4":0.3128728867,"5":0.2265471071,"6":0.2442125678,"7":0.2630946934,"8":0.3717749417,"9":0.2472417206},"val_sparse_categorical_accuracy":{"0":0.871999979,"1":0.9279999733,"2":0.9279999733,"3":0.9340000153,"4":0.925999999,"5":0.9480000138,"6":0.94599998,"7":0.94599998,"8":0.9160000086,"9":0.9380000234}}