{"evaluation_accuracy":{"0":0.9138010144,"1":0.9138010144,"2":0.9138010144,"3":0.9138010144,"4":0.9138010144,"5":0.9138010144,"6":0.9138010144,"7":0.9138010144,"8":0.9138010144,"9":0.9138010144},"loss":{"0":1.0112878084,"1":0.2858953774,"2":0.1348896027,"3":0.0664845556,"4":0.0819919556,"5":0.0443000086,"6":0.020163903,"7":0.0810689181,"8":0.1469211578,"9":0.0585587695},"sparse_categorical_accuracy":{"0":0.6339449286,"1":0.9119266272,"2":0.9697247744,"3":0.9816513658,"4":0.9761468172,"5":0.989908278,"6":0.9917431474,"7":0.9788990617,"8":0.967889905,"9":0.9880734086},"val_loss":{"0":0.3998216689,"1":0.3386727571,"2":0.7290373445,"3":0.2511978447,"4":0.2488953024,"5":0.2152353823,"6":0.2114683092,"7":0.5660859346,"8":0.3905795217,"9":0.307661891},"val_sparse_categorical_accuracy":{"0":0.8799999952,"1":0.9100000262,"2":0.7839999795,"3":0.9440000057,"4":0.9319999814,"5":0.9539999962,"6":0.9580000043,"7":0.8420000076,"8":0.8899999857,"9":0.9480000138}}