{"evaluation_accuracy":{"0":0.8672627211,"1":0.8672627211,"2":0.8672627211,"3":0.8672627211,"4":0.8672627211,"5":0.8672627211,"6":0.8672627211,"7":0.8672627211,"8":0.8672627211},"loss":{"0":0.6821479797,"1":0.1187464446,"2":0.0704824477,"3":0.0292040128,"4":0.049775064,"5":0.0281391051,"6":0.0425949618,"7":0.0440358594,"8":0.0496408828},"sparse_categorical_accuracy":{"0":0.760091722,"1":0.967889905,"2":0.9834862351,"3":0.9931192398,"4":0.9885321259,"5":0.9931192398,"6":0.9908257127,"7":0.9866972566,"8":0.9880734086},"val_loss":{"0":0.295306474,"1":0.5133855939,"2":0.2718957067,"3":0.5145465732,"4":0.3710411787,"5":0.357688576,"6":0.2964564264,"7":0.6050841808,"8":0.4111712575},"val_sparse_categorical_accuracy":{"0":0.9219999909,"1":0.8399999738,"2":0.9419999719,"3":0.8939999938,"4":0.9319999814,"5":0.925999999,"6":0.9399999976,"7":0.8880000114,"8":0.8740000129}}