{"evaluation_accuracy":{"0":0.9142594934,"1":0.9142594934,"2":0.9142594934,"3":0.9142594934,"4":0.9142594934,"5":0.9142594934,"6":0.9142594934,"7":0.9142594934},"loss":{"0":1.0163872242,"1":0.3106052876,"2":0.1531433761,"3":0.0580370687,"4":0.0374410041,"5":0.0374641456,"6":0.0388301499,"7":0.0377357192},"sparse_categorical_accuracy":{"0":0.633027494,"1":0.9055045843,"2":0.9587156177,"3":0.9834862351,"4":0.9871559739,"5":0.9917431474,"6":0.9889908433,"7":0.9889908433},"val_loss":{"0":0.3112760484,"1":0.3017454445,"2":0.1851468682,"3":0.2285209149,"4":0.2707009614,"5":0.2213180065,"6":0.2755913734,"7":0.3379354179},"val_sparse_categorical_accuracy":{"0":0.9139999747,"1":0.9279999733,"2":0.9499999881,"3":0.9380000234,"4":0.9279999733,"5":0.9399999976,"6":0.9359999895,"7":0.9359999895}}