{"evaluation_accuracy":{"0":0.9071526527,"1":0.9071526527,"2":0.9071526527,"3":0.9071526527,"4":0.9071526527,"5":0.9071526527,"6":0.9071526527,"7":0.9071526527,"8":0.9071526527,"9":0.9071526527},"loss":{"0":0.9677140713,"1":0.2647794187,"2":0.0996952206,"3":0.0767824873,"4":0.0897772685,"5":0.0368884504,"6":0.0443799607,"7":0.0137495091,"8":0.0023362366,"9":0.007446269},"sparse_categorical_accuracy":{"0":0.6412844062,"1":0.9183486104,"2":0.9706422091,"3":0.9807339311,"4":0.9761468172,"5":0.9917431474,"6":0.9889908433,"7":0.9972476959,"8":1.0,"9":0.9990825653},"val_loss":{"0":0.3763569295,"1":0.166395247,"2":0.2524465919,"3":0.708448112,"4":0.291956991,"5":0.2398981601,"6":0.3006121218,"7":0.2395182997,"8":0.2878108621,"9":0.4348942339},"val_sparse_categorical_accuracy":{"0":0.8619999886,"1":0.9480000138,"2":0.9399999976,"3":0.8100000024,"4":0.9300000072,"5":0.9359999895,"6":0.9200000167,"7":0.9520000219,"8":0.9419999719,"9":0.925999999}}