{"evaluation_accuracy":{"0":0.8837689161,"1":0.8837689161,"2":0.8837689161,"3":0.8837689161,"4":0.8837689161,"5":0.8837689161,"6":0.8837689161,"7":0.8837689161,"8":0.8837689161,"9":0.8837689161},"loss":{"0":0.5692782402,"1":0.1088106111,"2":0.0414367877,"3":0.0901340693,"4":0.047707554,"5":0.0222914834,"6":0.0018820314,"7":0.0010468345,"8":0.0007550999,"9":0.1251489073},"sparse_categorical_accuracy":{"0":0.8133027554,"1":0.9669724703,"2":0.99128443,"3":0.977981627,"4":0.9871559739,"5":0.9944953918,"6":1.0,"7":1.0,"8":1.0,"9":0.9669724703},"val_loss":{"0":0.2008484304,"1":0.1696462482,"2":0.1823496521,"3":0.2207708657,"4":0.3401134908,"5":0.2295447439,"6":0.2356311828,"7":0.2263035327,"8":0.2390925586,"9":0.3190553188},"val_sparse_categorical_accuracy":{"0":0.9480000138,"1":0.9620000124,"2":0.9480000138,"3":0.9499999881,"4":0.9139999747,"5":0.9419999719,"6":0.9499999881,"7":0.9539999962,"8":0.9520000219,"9":0.9300000072}}