{"evaluation_accuracy":{"0":0.9323704839,"1":0.9323704839,"2":0.9323704839,"3":0.9323704839,"4":0.9323704839,"5":0.9323704839,"6":0.9323704839,"7":0.9323704839,"8":0.9323704839,"9":0.9323704839},"loss":{"0":0.8680351973,"1":0.2771058381,"2":0.159412235,"3":0.0671801344,"4":0.0557154343,"5":0.0421253517,"6":0.0283135697,"7":0.0453402475,"8":0.0033844123,"9":0.0017828608},"sparse_categorical_accuracy":{"0":0.6880733967,"1":0.9211009145,"2":0.9541284442,"3":0.9825688004,"4":0.9862385392,"5":0.9926605225,"6":0.9917431474,"7":0.989908278,"8":0.9990825653,"9":1.0},"val_loss":{"0":0.3136683106,"1":0.2654905319,"2":0.3071230948,"3":0.2436960638,"4":0.240427345,"5":0.3408414721,"6":0.5640998483,"7":0.2166952938,"8":0.2254487276,"9":0.2324735224},"val_sparse_categorical_accuracy":{"0":0.925999999,"1":0.9319999814,"2":0.9399999976,"3":0.9419999719,"4":0.9520000219,"5":0.9359999895,"6":0.8740000129,"7":0.9539999962,"8":0.9580000043,"9":0.9580000043}}