{"evaluation_accuracy":{"0":0.9112792015,"1":0.9112792015,"2":0.9112792015,"3":0.9112792015,"4":0.9112792015,"5":0.9112792015,"6":0.9112792015,"7":0.9112792015,"8":0.9112792015,"9":0.9112792015},"loss":{"0":0.9171914458,"1":0.3124358058,"2":0.1621587276,"3":0.0760726556,"4":0.082654722,"5":0.0666873828,"6":0.0887041911,"7":0.0237168949,"8":0.017634023,"9":0.0540929362},"sparse_categorical_accuracy":{"0":0.6899082661,"1":0.9110091925,"2":0.9522935748,"3":0.9844036698,"4":0.9834862351,"5":0.9825688004,"6":0.9752293825,"7":0.9963302612,"8":0.9954128265,"9":0.9844036698},"val_loss":{"0":0.340000391,"1":0.2608149946,"2":0.3495900333,"3":0.160834685,"4":0.1854698509,"5":0.5176046491,"6":0.2562398016,"7":0.2254967093,"8":0.2547678649,"9":0.3208958507},"val_sparse_categorical_accuracy":{"0":0.9060000181,"1":0.9559999704,"2":0.8799999952,"3":0.9539999962,"4":0.9539999962,"5":0.8859999776,"6":0.9380000234,"7":0.9480000138,"8":0.9419999719,"9":0.9380000234}}