{"evaluation_accuracy":{"0":0.9016506076,"1":0.9016506076,"2":0.9016506076,"3":0.9016506076,"4":0.9016506076,"5":0.9016506076,"6":0.9016506076,"7":0.9016506076,"8":0.9016506076,"9":0.9016506076},"loss":{"0":0.5569504499,"1":0.0998756811,"2":0.0486156754,"3":0.0651649609,"4":0.0802923813,"5":0.0253480747,"6":0.0720522553,"7":0.0299411491,"8":0.0178104211,"9":0.0664400682},"sparse_categorical_accuracy":{"0":0.8197247982,"1":0.9733945131,"2":0.9866972566,"3":0.9848623872,"4":0.9821100831,"5":0.9940366745,"6":0.9844036698,"7":0.9931192398,"8":0.9963302612,"9":0.9839449525},"val_loss":{"0":0.2293868214,"1":0.270468384,"2":0.2517331541,"3":0.3910341263,"4":0.467997998,"5":0.3180370629,"6":0.4525585473,"7":0.4003160298,"8":0.4833352864,"9":0.3389346004},"val_sparse_categorical_accuracy":{"0":0.9440000057,"1":0.9340000153,"2":0.94599998,"3":0.9200000167,"4":0.8939999938,"5":0.9440000057,"6":0.9079999924,"7":0.925999999,"8":0.9179999828,"9":0.9419999719}}