{"evaluation_accuracy":{"0":0.9275561571,"1":0.9275561571,"2":0.9275561571,"3":0.9275561571,"4":0.9275561571,"5":0.9275561571,"6":0.9275561571,"7":0.9275561571,"8":0.9275561571,"9":0.9275561571},"loss":{"0":0.6446467638,"1":0.1314914674,"2":0.0418409035,"3":0.0197982378,"4":0.0078955386,"5":0.0020985275,"6":0.0009639321,"7":0.0007310596,"8":0.0006007288,"9":0.0004819742},"sparse_categorical_accuracy":{"0":0.7811926603,"1":0.9628440142,"2":0.989908278,"3":0.9944953918,"4":0.9977064133,"5":1.0,"6":1.0,"7":1.0,"8":1.0,"9":1.0},"val_loss":{"0":0.2096001953,"1":0.2321553379,"2":0.2652277052,"3":0.1990833133,"4":0.2213570923,"5":0.2715707123,"6":0.2706657052,"7":0.2767246664,"8":0.283793062,"9":0.2914540768},"val_sparse_categorical_accuracy":{"0":0.9359999895,"1":0.9359999895,"2":0.9219999909,"3":0.9559999704,"4":0.9480000138,"5":0.9520000219,"6":0.9520000219,"7":0.9520000219,"8":0.9520000219,"9":0.9520000219}}