{"evaluation_accuracy":{"0":0.9147180319,"1":0.9147180319,"2":0.9147180319,"3":0.9147180319,"4":0.9147180319,"5":0.9147180319,"6":0.9147180319,"7":0.9147180319,"8":0.9147180319},"loss":{"0":0.9053791761,"1":0.281606108,"2":0.1451404542,"3":0.0631278977,"4":0.0473698191,"5":0.0377953574,"6":0.1318768412,"7":0.043856509,"8":0.0514883772},"sparse_categorical_accuracy":{"0":0.6743119359,"1":0.9183486104,"2":0.9651376009,"3":0.9862385392,"4":0.989908278,"5":0.989908278,"6":0.9660550356,"7":0.9889908433,"8":0.9880734086},"val_loss":{"0":0.3800378144,"1":0.2110562474,"2":0.1801409274,"3":0.1767545938,"4":0.2076625675,"5":0.2237424701,"6":0.2781881392,"7":0.4061501324,"8":0.3085428774},"val_sparse_categorical_accuracy":{"0":0.8960000277,"1":0.9440000057,"2":0.94599998,"3":0.94599998,"4":0.9419999719,"5":0.9499999881,"6":0.9340000153,"7":0.9120000005,"8":0.9240000248}}