{"evaluation_accuracy":{"0":0.929848671,"1":0.929848671,"2":0.929848671,"3":0.929848671,"4":0.929848671,"5":0.929848671,"6":0.929848671,"7":0.929848671,"8":0.929848671,"9":0.929848671},"loss":{"0":0.6105078459,"1":0.1259628236,"2":0.0709236562,"3":0.0678879619,"4":0.0337219425,"5":0.0019771706,"6":0.0012198455,"7":0.0008986468,"8":0.0085960971,"9":0.0047439556},"sparse_categorical_accuracy":{"0":0.7972477078,"1":0.9688073397,"2":0.9816513658,"3":0.9807339311,"4":0.9917431474,"5":1.0,"6":1.0,"7":1.0,"8":0.9990825653,"9":0.9995412827},"val_loss":{"0":0.2697831988,"1":0.1797943413,"2":0.2100188881,"3":0.2401712984,"4":0.1878512353,"5":0.2118066251,"6":0.2245114744,"7":0.2290870398,"8":0.2517027855,"9":0.2096293271},"val_sparse_categorical_accuracy":{"0":0.9419999719,"1":0.94599998,"2":0.9419999719,"3":0.9319999814,"4":0.94599998,"5":0.9520000219,"6":0.9520000219,"7":0.9520000219,"8":0.94599998,"9":0.9599999785}}