{"evaluation_accuracy":{"0":0.88606143,"1":0.88606143,"2":0.88606143,"3":0.88606143,"4":0.88606143,"5":0.88606143,"6":0.88606143},"loss":{"0":0.804264307,"1":0.1392532289,"2":0.0382279754,"3":0.0375768729,"4":0.0452262536,"5":0.0514941104,"6":0.094060488},"sparse_categorical_accuracy":{"0":0.7174311876,"1":0.9628440142,"2":0.99128443,"3":0.9908257127,"4":0.9876146913,"5":0.9862385392,"6":0.9775229096},"val_loss":{"0":0.2930705249,"1":0.1809724569,"2":0.1598597616,"3":0.1678899527,"4":0.2027759105,"5":0.4055433571,"6":0.3501132429},"val_sparse_categorical_accuracy":{"0":0.90200001,"1":0.94599998,"2":0.9520000219,"3":0.9539999962,"4":0.9499999881,"5":0.9079999924,"6":0.9279999733}}