{"evaluation_accuracy":{"0":0.9007335901,"1":0.9007335901,"2":0.9007335901,"3":0.9007335901,"4":0.9007335901,"5":0.9007335901,"6":0.9007335901,"7":0.9007335901,"8":0.9007335901,"9":0.9007335901},"loss":{"0":0.6477746964,"1":0.1033705994,"2":0.0768253505,"3":0.0276885331,"4":0.0606203824,"5":0.068731539,"6":0.0240801368,"7":0.0090442076,"8":0.0668279901,"9":0.0483526178},"sparse_categorical_accuracy":{"0":0.782110095,"1":0.9738532305,"2":0.979357779,"3":0.9944953918,"4":0.9871559739,"5":0.9798164964,"6":0.9931192398,"7":0.998623848,"8":0.9839449525,"9":0.9889908433},"val_loss":{"0":0.2225706279,"1":0.2459251434,"2":0.2666656971,"3":0.1904066354,"4":0.2852442563,"5":0.2905089855,"6":0.2522071898,"7":0.5189183354,"8":0.2714508772,"9":0.3045897484},"val_sparse_categorical_accuracy":{"0":0.94599998,"1":0.9440000057,"2":0.9419999719,"3":0.9559999704,"4":0.9359999895,"5":0.9340000153,"6":0.9539999962,"7":0.90200001,"8":0.9120000005,"9":0.9380000234}}