{"evaluation_accuracy":{"0":0.9296194315,"1":0.9296194315,"2":0.9296194315,"3":0.9296194315,"4":0.9296194315,"5":0.9296194315,"6":0.9296194315,"7":0.9296194315,"8":0.9296194315,"9":0.9296194315},"loss":{"0":0.6738311648,"1":0.1326240152,"2":0.0368841439,"3":0.0759368613,"4":0.0667774677,"5":0.0127505315,"6":0.0014904777,"7":0.0009704135,"8":0.0007928147,"9":0.0005910383},"sparse_categorical_accuracy":{"0":0.7596330047,"1":0.9674311876,"2":0.9894495606,"3":0.9821100831,"4":0.9844036698,"5":0.9972476959,"6":1.0,"7":1.0,"8":1.0,"9":1.0},"val_loss":{"0":0.3515470922,"1":0.1956276447,"2":0.2157496363,"3":0.3520798385,"4":0.1800068766,"5":0.2972631752,"6":0.314230293,"7":0.3220002055,"8":0.3311908245,"9":0.3373167813},"val_sparse_categorical_accuracy":{"0":0.9079999924,"1":0.9499999881,"2":0.9499999881,"3":0.8899999857,"4":0.9559999704,"5":0.94599998,"6":0.9499999881,"7":0.9499999881,"8":0.9480000138,"9":0.9480000138}}