{"evaluation_accuracy":{"0":0.9348922372,"1":0.9348922372,"2":0.9348922372,"3":0.9348922372,"4":0.9348922372,"5":0.9348922372,"6":0.9348922372,"7":0.9348922372,"8":0.9348922372,"9":0.9348922372},"loss":{"0":1.0327479839,"1":0.2929290235,"2":0.1407631189,"3":0.1337084025,"4":0.0434798263,"5":0.0178966634,"6":0.013498975,"7":0.0032212092,"8":0.0019963926,"9":0.0015781185},"sparse_categorical_accuracy":{"0":0.6073394418,"1":0.9183486104,"2":0.9651376009,"3":0.9660550356,"4":0.9880734086,"5":0.9963302612,"6":0.9981651306,"7":1.0,"8":1.0,"9":1.0},"val_loss":{"0":0.3016244173,"1":0.3963055611,"2":0.381695956,"3":0.6769359708,"4":0.1851836443,"5":0.2304840386,"6":0.2254569083,"7":0.2373785079,"8":0.2376236618,"9":0.2437752336},"val_sparse_categorical_accuracy":{"0":0.9419999719,"1":0.9079999924,"2":0.8840000033,"3":0.8280000091,"4":0.9620000124,"5":0.9539999962,"6":0.9520000219,"7":0.9520000219,"8":0.9539999962,"9":0.9539999962}}