{"evaluation_accuracy":{"0":0.92274189,"1":0.92274189,"2":0.92274189,"3":0.92274189,"4":0.92274189,"5":0.92274189,"6":0.92274189,"7":0.92274189,"8":0.92274189,"9":0.92274189},"loss":{"0":1.0037438869,"1":0.3291759193,"2":0.1393227428,"3":0.094854705,"4":0.0770290121,"5":0.0287058223,"6":0.0083874064,"7":0.0679541603,"8":0.0173981916,"9":0.0072015193},"sparse_categorical_accuracy":{"0":0.6311926842,"1":0.906422019,"2":0.9633027315,"3":0.9761468172,"4":0.9807339311,"5":0.9963302612,"6":0.9990825653,"7":0.9798164964,"8":0.9963302612,"9":0.9981651306},"val_loss":{"0":0.3989827037,"1":0.2354563773,"2":0.2083533704,"3":0.1760445833,"4":0.3618858159,"5":0.1951217204,"6":0.2336473912,"7":0.3025339842,"8":0.2011840791,"9":0.2357590348},"val_sparse_categorical_accuracy":{"0":0.8980000019,"1":0.9359999895,"2":0.9480000138,"3":0.9559999704,"4":0.9139999747,"5":0.9499999881,"6":0.9480000138,"7":0.925999999,"8":0.9520000219,"9":0.9499999881}}