{"evaluation_accuracy":{"0":0.9149472713,"1":0.9149472713,"2":0.9149472713,"3":0.9149472713,"4":0.9149472713,"5":0.9149472713,"6":0.9149472713},"loss":{"0":0.5599156022,"1":0.1155952364,"2":0.0412586518,"3":0.0228998829,"4":0.1066219807,"5":0.0741508156,"6":0.0278154723},"sparse_categorical_accuracy":{"0":0.81422019,"1":0.969266057,"2":0.9903669953,"3":0.9954128265,"4":0.9733945131,"5":0.9830275178,"6":0.99128443},"val_loss":{"0":0.4494040608,"1":0.161319688,"2":0.1796472371,"3":0.8043404222,"4":0.2868987322,"5":0.2406533509,"6":0.2650315762},"val_sparse_categorical_accuracy":{"0":0.8859999776,"1":0.9599999785,"2":0.9620000124,"3":0.8539999723,"4":0.9139999747,"5":0.9419999719,"6":0.9419999719}}