{"evaluation_accuracy":{"0":0.9140302539,"1":0.9140302539,"2":0.9140302539,"3":0.9140302539,"4":0.9140302539,"5":0.9140302539,"6":0.9140302539,"7":0.9140302539,"8":0.9140302539,"9":0.9140302539},"loss":{"0":0.632576406,"1":0.1040643305,"2":0.044509802,"3":0.0695320815,"4":0.0502899624,"5":0.0414809808,"6":0.0542001128,"7":0.0314608105,"8":0.0130107617,"9":0.0306612141},"sparse_categorical_accuracy":{"0":0.7857798338,"1":0.9761468172,"2":0.9871559739,"3":0.9816513658,"4":0.9894495606,"5":0.9908257127,"6":0.9862385392,"7":0.9926605225,"8":0.9967889786,"9":0.9935779572},"val_loss":{"0":0.3059436381,"1":0.3924186528,"2":0.2084645927,"3":0.3636172116,"4":0.2467906326,"5":0.2598663568,"6":0.3803494275,"7":0.3110948801,"8":0.4087801874,"9":0.4201311767},"val_sparse_categorical_accuracy":{"0":0.9179999828,"1":0.9139999747,"2":0.9520000219,"3":0.8939999938,"4":0.9419999719,"5":0.9419999719,"6":0.8980000019,"7":0.9419999719,"8":0.9340000153,"9":0.9359999895}}