{"evaluation_accuracy":{"0":0.8695552349,"1":0.8695552349,"2":0.8695552349,"3":0.8695552349,"4":0.8695552349,"5":0.8695552349,"6":0.8695552349,"7":0.8695552349,"8":0.8695552349,"9":0.8695552349},"loss":{"0":0.636952877,"1":0.1055802926,"2":0.0488484465,"3":0.0290830359,"4":0.0348272435,"5":0.0252996851,"6":0.0193224903,"7":0.0949497223,"8":0.0358848274,"9":0.106229499},"sparse_categorical_accuracy":{"0":0.7770642042,"1":0.9733945131,"2":0.9889908433,"3":0.9926605225,"4":0.9926605225,"5":0.9940366745,"6":0.9958715439,"7":0.9775229096,"8":0.9917431474,"9":0.9756880999},"val_loss":{"0":0.2182338685,"1":0.2724803984,"2":0.3218968809,"3":0.3932009339,"4":0.390326649,"5":0.4342924356,"6":0.2756377757,"7":0.3315154016,"8":0.3919054568,"9":0.3502566814},"val_sparse_categorical_accuracy":{"0":0.9340000153,"1":0.925999999,"2":0.9380000234,"3":0.925999999,"4":0.925999999,"5":0.9160000086,"6":0.9319999814,"7":0.925999999,"8":0.9139999747,"9":0.8939999938}}