{"evaluation_accuracy":{"0":0.9066941738,"1":0.9066941738,"2":0.9066941738,"3":0.9066941738,"4":0.9066941738,"5":0.9066941738,"6":0.9066941738,"7":0.9066941738},"loss":{"0":0.689863801,"1":0.1434397548,"2":0.0887947455,"3":0.0608249567,"4":0.0271307491,"5":0.0919427648,"6":0.0587235056,"7":0.0745490566},"sparse_categorical_accuracy":{"0":0.7568807602,"1":0.9642201662,"2":0.979357779,"3":0.9830275178,"4":0.9935779572,"5":0.979357779,"6":0.9848623872,"7":0.9839449525},"val_loss":{"0":0.4421864152,"1":0.2615601122,"2":0.2719957232,"3":0.2957569361,"4":0.2689752281,"5":0.3054361343,"6":0.3131475747,"7":0.3845616281},"val_sparse_categorical_accuracy":{"0":0.8740000129,"1":0.9319999814,"2":0.9419999719,"3":0.9380000234,"4":0.9559999704,"5":0.925999999,"6":0.9380000234,"7":0.9160000086}}