{"evaluation_accuracy":{"0":0.928702414,"1":0.928702414,"2":0.928702414,"3":0.928702414,"4":0.928702414,"5":0.928702414,"6":0.928702414,"7":0.928702414,"8":0.928702414,"9":0.928702414},"loss":{"0":1.0910276175,"1":0.3588321209,"2":0.1800301373,"3":0.0963135958,"4":0.0424158797,"5":0.0184349362,"6":0.0040906668,"7":0.0027867022,"8":0.0021993597,"9":0.0017870138},"sparse_categorical_accuracy":{"0":0.6211009026,"1":0.8944954276,"2":0.9541284442,"3":0.9724770784,"4":0.9917431474,"5":0.9972476959,"6":1.0,"7":1.0,"8":1.0,"9":1.0},"val_loss":{"0":0.3675294518,"1":0.2686101198,"2":0.1769591421,"3":0.2123747468,"4":0.2203197181,"5":0.2143383622,"6":0.2265464365,"7":0.2328855246,"8":0.2374168187,"9":0.2428168207},"val_sparse_categorical_accuracy":{"0":0.9060000181,"1":0.9279999733,"2":0.94599998,"3":0.9359999895,"4":0.9480000138,"5":0.9539999962,"6":0.9520000219,"7":0.9520000219,"8":0.9520000219,"9":0.9520000219}}