{"evaluation_accuracy":{"0":0.9381017685,"1":0.9381017685,"2":0.9381017685,"3":0.9381017685,"4":0.9381017685,"5":0.9381017685,"6":0.9381017685,"7":0.9381017685,"8":0.9381017685,"9":0.9381017685},"loss":{"0":0.551425755,"1":0.1377594471,"2":0.0672538057,"3":0.0301332809,"4":0.0235680025,"5":0.0021870027,"6":0.0011282852,"7":0.0007394174,"8":0.0005807639,"9":0.0004892036},"sparse_categorical_accuracy":{"0":0.8206421733,"1":0.9642201662,"2":0.9853211045,"3":0.9922018051,"4":0.9949541092,"5":1.0,"6":1.0,"7":1.0,"8":1.0,"9":1.0},"val_loss":{"0":0.1774121523,"1":0.1812503934,"2":0.3051275015,"3":0.1971745491,"4":0.2226009667,"5":0.2129173279,"6":0.2618849576,"7":0.2657995522,"8":0.2699357867,"9":0.277600646},"val_sparse_categorical_accuracy":{"0":0.9599999785,"1":0.9499999881,"2":0.8999999762,"3":0.9480000138,"4":0.94599998,"5":0.9520000219,"6":0.9520000219,"7":0.9520000219,"8":0.9539999962,"9":0.9559999704}}