{"evaluation_accuracy":{"0":0.9266391397,"1":0.9266391397,"2":0.9266391397,"3":0.9266391397,"4":0.9266391397,"5":0.9266391397,"6":0.9266391397,"7":0.9266391397},"loss":{"0":1.0424648523,"1":0.3051991463,"2":0.2220071405,"3":0.0953294337,"4":0.0428923033,"5":0.068883352,"6":0.076077193,"7":0.0450663939},"sparse_categorical_accuracy":{"0":0.6165137887,"1":0.9082568884,"2":0.938532114,"3":0.9752293825,"4":0.9889908433,"5":0.9807339311,"6":0.9825688004,"7":0.989908278},"val_loss":{"0":0.3255591094,"1":0.2129948586,"2":0.246986106,"3":0.2930235863,"4":0.2519872189,"5":0.230382219,"6":0.3125342727,"7":0.2905310094},"val_sparse_categorical_accuracy":{"0":0.9200000167,"1":0.9380000234,"2":0.9340000153,"3":0.9139999747,"4":0.9319999814,"5":0.9440000057,"6":0.9079999924,"7":0.9340000153}}