{"evaluation_accuracy":{"0":0.9238881469,"1":0.9238881469,"2":0.9238881469,"3":0.9238881469,"4":0.9238881469,"5":0.9238881469,"6":0.9238881469,"7":0.9238881469,"8":0.9238881469,"9":0.9238881469},"loss":{"0":1.0039983988,"1":0.2945254445,"2":0.1963547617,"3":0.0841744021,"4":0.0807596445,"5":0.065483205,"6":0.05917532,"7":0.0254572369,"8":0.038417872,"9":0.0225105416},"sparse_categorical_accuracy":{"0":0.633027494,"1":0.9119266272,"2":0.945871532,"3":0.9798164964,"4":0.977981627,"5":0.9825688004,"6":0.9871559739,"7":0.9944953918,"8":0.9871559739,"9":0.9908257127},"val_loss":{"0":0.3904583752,"1":0.2375503927,"2":0.2338774204,"3":0.3667241931,"4":0.3338608444,"5":0.3302050829,"6":0.2719548643,"7":0.2981486022,"8":0.3437306285,"9":0.407288909},"val_sparse_categorical_accuracy":{"0":0.8980000019,"1":0.9380000234,"2":0.9399999976,"3":0.9039999843,"4":0.9319999814,"5":0.9319999814,"6":0.9340000153,"7":0.9440000057,"8":0.9160000086,"9":0.9300000072}}