{"evaluation_accuracy":{"0":0.9268684387,"1":0.9268684387,"2":0.9268684387,"3":0.9268684387,"4":0.9268684387,"5":0.9268684387,"6":0.9268684387,"7":0.9268684387,"8":0.9268684387,"9":0.9268684387},"loss":{"0":0.5745738149,"1":0.1121341884,"2":0.0661350712,"3":0.0412329026,"4":0.0155511294,"5":0.0659680143,"6":0.0369426943,"7":0.0057301079,"8":0.0009530108,"9":0.0006534698},"sparse_categorical_accuracy":{"0":0.8077981472,"1":0.9701834917,"2":0.9866972566,"3":0.9903669953,"4":0.9972476959,"5":0.9848623872,"6":0.9922018051,"7":0.9990825653,"8":1.0,"9":1.0},"val_loss":{"0":0.2212288678,"1":0.2482553571,"2":0.7045035958,"3":0.3065561354,"4":0.2300260067,"5":0.5832989216,"6":0.2048694044,"7":0.217392385,"8":0.2299132198,"9":0.2389460802},"val_sparse_categorical_accuracy":{"0":0.9440000057,"1":0.9340000153,"2":0.8159999847,"3":0.9319999814,"4":0.9520000219,"5":0.8799999952,"6":0.9559999704,"7":0.9539999962,"8":0.9559999704,"9":0.9559999704}}