{"evaluation_accuracy":{"0":0.9284731746,"1":0.9284731746,"2":0.9284731746,"3":0.9284731746,"4":0.9284731746,"5":0.9284731746,"6":0.9284731746,"7":0.9284731746,"8":0.9284731746,"9":0.9284731746},"loss":{"0":1.0385621786,"1":0.287691772,"2":0.1361064166,"3":0.0938577875,"4":0.0775615945,"5":0.0889747292,"6":0.055678308,"7":0.0164548699,"8":0.0189855844,"9":0.0024819849},"sparse_categorical_accuracy":{"0":0.6183485985,"1":0.9137614965,"2":0.9614678621,"3":0.9770641923,"4":0.9743119478,"5":0.9770641923,"6":0.9816513658,"7":0.9954128265,"8":0.9935779572,"9":1.0},"val_loss":{"0":0.3536297083,"1":0.2708825171,"2":0.3152241111,"3":0.2318769097,"4":0.2699617743,"5":0.2887961268,"6":0.3430071771,"7":0.3390971422,"8":0.3458061516,"9":0.3284936547},"val_sparse_categorical_accuracy":{"0":0.9120000005,"1":0.9380000234,"2":0.9160000086,"3":0.9520000219,"4":0.9380000234,"5":0.9419999719,"6":0.9380000234,"7":0.9419999719,"8":0.9380000234,"9":0.9380000234}}