{"evaluation_accuracy":{"0":0.6423580647,"1":0.6423580647,"2":0.6423580647,"3":0.6423580647,"4":0.6423580647,"5":0.6423580647,"6":0.6423580647,"7":0.6423580647,"8":0.6423580647,"9":0.6423580647},"loss":{"0":0.6901000142,"1":0.6612988114,"2":0.5345792174,"3":0.2605264783,"4":0.0949166417,"5":0.0844753385,"6":0.0931614861,"7":0.0127305808,"8":0.0009880781,"9":0.000535618},"sparse_categorical_accuracy":{"0":0.5227272511,"1":0.6118881106,"2":0.7342657447,"3":0.9160839319,"4":0.9720279574,"5":0.9720279574,"6":0.9755244851,"7":0.9982517362,"8":1.0,"9":1.0},"val_loss":{"0":0.7013132572,"1":0.6518758535,"2":0.825324297,"3":0.8323391676,"4":1.2762024403,"5":1.0747044086,"6":0.869699955,"7":1.7033481598,"8":1.9166198969,"9":2.0049686432},"val_sparse_categorical_accuracy":{"0":0.4591836631,"1":0.5790816545,"2":0.6096938848,"3":0.6492347121,"4":0.6275510192,"5":0.6415816545,"6":0.6530612111,"7":0.637755096,"8":0.6326530576,"9":0.6275510192}}