{"evaluation_accuracy":{"0":0.7394366264,"1":0.7394366264,"2":0.7394366264,"3":0.7394366264,"4":0.7394366264,"5":0.7394366264,"6":0.7394366264,"7":0.7394366264,"8":0.7394366264,"9":0.7394366264},"loss":{"0":0.7534345984,"1":0.3988215029,"2":0.179339096,"3":0.1050294489,"4":0.0436018854,"5":0.01357859,"6":0.008826239,"7":0.0058902819,"8":0.004643362,"9":0.0034614627},"sparse_categorical_accuracy":{"0":0.7253521085,"1":0.8943662047,"2":0.936619699,"3":0.9647887349,"4":0.9929577708,"5":1.0,"6":1.0,"7":1.0,"8":1.0,"9":1.0},"val_loss":{"0":0.6796790361,"1":0.6093715429,"2":0.6648051739,"3":0.6775707006,"4":0.7844542265,"5":0.9484347105,"6":0.9723064899,"7":1.0028531551,"8":1.0282505751,"9":1.0585333109},"val_sparse_categorical_accuracy":{"0":0.7159763575,"1":0.7988165617,"2":0.8284023404,"3":0.8106508851,"4":0.7988165617,"5":0.7869822383,"6":0.8047337532,"7":0.8047337532,"8":0.8047337532,"9":0.8047337532}}