{"evaluation_accuracy":{"0":0.7042253613,"1":0.7042253613,"2":0.7042253613,"3":0.7042253613,"4":0.7042253613,"5":0.7042253613,"6":0.7042253613,"7":0.7042253613,"8":0.7042253613,"9":0.7042253613},"loss":{"0":0.9378473163,"1":0.4248768091,"2":0.1345971078,"3":0.1019892022,"4":0.0326652899,"5":0.0154033359,"6":0.0081789354,"7":0.0046737194,"8":0.003588109,"9":0.0025344226},"sparse_categorical_accuracy":{"0":0.5281690359,"1":0.8802816868,"2":0.9436619878,"3":0.985915482,"4":1.0,"5":1.0,"6":1.0,"7":1.0,"8":1.0,"9":1.0},"val_loss":{"0":0.711502254,"1":0.8600530028,"2":1.1602857113,"3":0.9402499199,"4":1.2846494913,"5":1.4046142101,"6":1.4691882133,"7":1.4939459562,"8":1.5232594013,"9":1.5538424253},"val_sparse_categorical_accuracy":{"0":0.7396449447,"1":0.7041420341,"2":0.6923077106,"3":0.7159763575,"4":0.6804733872,"5":0.7514792681,"6":0.7514792681,"7":0.7514792681,"8":0.7514792681,"9":0.7514792681}}