{"evaluation_accuracy":{"0":0.6262008548,"1":0.6262008548,"2":0.6262008548,"3":0.6262008548,"4":0.6262008548,"5":0.6262008548,"6":0.6262008548,"7":0.6262008548,"8":0.6262008548,"9":0.6262008548},"loss":{"0":0.7014971375,"1":0.5744106174,"2":0.2694304585,"3":0.0834565312,"4":0.0528943688,"5":0.0750121996,"6":0.0090541681,"7":0.0048569664,"8":0.0622484311,"9":0.0340038016},"sparse_categorical_accuracy":{"0":0.5104895234,"1":0.7132866979,"2":0.8968531489,"3":0.9685314894,"4":0.9860140085,"5":0.9772727489,"6":0.9982517362,"7":0.9982517362,"8":0.9737762213,"9":0.9912587404},"val_loss":{"0":0.6969457269,"1":0.7422199845,"2":1.0901060104,"3":1.4395506382,"4":1.016343832,"5":0.9709734917,"6":1.9284989834,"7":2.167219162,"8":1.4114863873,"9":1.4838726521},"val_sparse_categorical_accuracy":{"0":0.5051020384,"1":0.5471938848,"2":0.5280612111,"3":0.6313775778,"4":0.616071403,"5":0.6173469424,"6":0.5956632495,"7":0.612244904,"8":0.6058673263,"9":0.6403061152}}