{"evaluation_accuracy":{"0":0.6340611577,"1":0.6340611577,"2":0.6340611577,"3":0.6340611577,"4":0.6340611577,"5":0.6340611577,"6":0.6340611577,"7":0.6340611577,"8":0.6340611577,"9":0.6340611577},"loss":{"0":0.664922893,"1":0.4101419151,"2":0.1402256638,"3":0.0690552667,"4":0.0374371447,"5":0.0018703458,"6":0.0005477779,"7":0.0279126372,"8":0.0615745969,"9":0.014617743},"sparse_categorical_accuracy":{"0":0.6013985872,"1":0.8295454383,"2":0.9519230723,"3":0.9816433787,"4":0.9903846383,"5":1.0,"6":1.0,"7":0.9921328425,"8":0.980769217,"9":0.9965034723},"val_loss":{"0":0.6349740028,"1":0.7693347335,"2":1.4000384808,"3":1.4358656406,"4":1.805913806,"5":1.9026819468,"6":2.0586102009,"7":1.9178447723,"8":1.6386109591,"9":2.5078580379},"val_sparse_categorical_accuracy":{"0":0.6415816545,"1":0.6721938848,"2":0.6058673263,"3":0.6186224222,"4":0.6084183455,"5":0.6352040768,"6":0.637755096,"7":0.6096938848,"8":0.6096938848,"9":0.5829081535}}