{"evaluation_accuracy":{"0":0.7218309641,"1":0.7218309641,"2":0.7218309641,"3":0.7218309641,"4":0.7218309641,"5":0.7218309641,"6":0.7218309641,"7":0.7218309641,"8":0.7218309641,"9":0.7218309641},"loss":{"0":0.9172439575,"1":0.5196818113,"2":0.2671537399,"3":0.2709913254,"4":0.2756918073,"5":0.1733613014,"6":0.1448522508,"7":0.1307298541,"8":0.0979540199,"9":0.0619695485},"sparse_categorical_accuracy":{"0":0.5281690359,"1":0.8661971688,"2":0.936619699,"3":0.9084507227,"4":0.9014084339,"5":0.9436619878,"6":0.9436619878,"7":0.9436619878,"8":0.9436619878,"9":0.950704217},"val_loss":{"0":0.801174283,"1":0.6792244315,"2":0.7328253388,"3":0.983033061,"4":0.9111530185,"5":0.8784022331,"6":0.8655834198,"7":0.9032530189,"8":1.0885624886,"9":1.2215317488},"val_sparse_categorical_accuracy":{"0":0.7455621362,"1":0.7396449447,"2":0.7810651064,"3":0.7041420341,"4":0.7278106213,"5":0.7810651064,"6":0.7810651064,"7":0.7455621362,"8":0.6804733872,"9":0.6982248425}}