{"evaluation_accuracy":{"0":0.7183098793,"1":0.7183098793,"2":0.7183098793,"3":0.7183098793,"4":0.7183098793,"5":0.7183098793,"6":0.7183098793,"7":0.7183098793,"8":0.7183098793,"9":0.7183098793},"loss":{"0":0.9567955136,"1":0.6808908582,"2":0.5157042742,"3":0.3154175878,"4":0.2210483551,"5":0.1466840953,"6":0.0990639776,"7":0.0613445416,"8":0.0334344842,"9":0.0198920462},"sparse_categorical_accuracy":{"0":0.5211267471,"1":0.7887324095,"2":0.8591549397,"3":0.9154929519,"4":0.9295774698,"5":0.9436619878,"6":0.9436619878,"7":0.985915482,"8":1.0,"9":1.0},"val_loss":{"0":0.7554565072,"1":0.6953748465,"2":0.6331856251,"3":0.6437333226,"4":0.6829003096,"5":0.7746066451,"6":0.8027985096,"7":0.8593637943,"8":0.9135133028,"9":0.9218453765},"val_sparse_categorical_accuracy":{"0":0.7337278128,"1":0.7514792681,"2":0.7810651064,"3":0.7633135915,"4":0.7455621362,"5":0.7218934894,"6":0.7396449447,"7":0.7455621362,"8":0.7633135915,"9":0.7455621362}}