{"evaluation_accuracy":{"0":0.6654929519,"1":0.6654929519,"2":0.6654929519,"3":0.6654929519,"4":0.6654929519,"5":0.6654929519,"6":0.6654929519,"7":0.6654929519,"8":0.6654929519,"9":0.6654929519},"loss":{"0":0.9638350606,"1":0.7447921038,"2":0.299967438,"3":0.1495754272,"4":0.053438466,"5":0.0319305398,"6":0.0141036613,"7":0.0067128595,"8":0.00433164,"9":0.0032869934},"sparse_categorical_accuracy":{"0":0.4647887349,"1":0.6549295783,"2":0.9154929519,"3":0.9647887349,"4":0.9929577708,"5":0.9929577708,"6":1.0,"7":1.0,"8":1.0,"9":1.0},"val_loss":{"0":0.776219368,"1":0.6478845477,"2":1.3801070452,"3":0.8532297611,"4":0.9400426149,"5":1.0107374191,"6":1.0721507072,"7":1.1339247227,"8":1.1800016165,"9":1.2105654478},"val_sparse_categorical_accuracy":{"0":0.7278106213,"1":0.7159763575,"2":0.6331360936,"3":0.7869822383,"4":0.769230783,"5":0.7810651064,"6":0.7337278128,"7":0.7514792681,"8":0.7633135915,"9":0.7633135915}}