{"evaluation_accuracy":{"0":0.735915482,"1":0.735915482,"2":0.735915482,"3":0.735915482,"4":0.735915482,"5":0.735915482,"6":0.735915482,"7":0.735915482,"8":0.735915482,"9":0.735915482},"loss":{"0":0.8926392198,"1":0.7327272892,"2":0.2371617109,"3":0.0496714376,"4":0.0107411295,"5":0.0049299044,"6":0.0037236314,"7":0.0029868039,"8":0.0024719152,"9":0.0021223295},"sparse_categorical_accuracy":{"0":0.492957741,"1":0.6760563254,"2":0.9436619878,"3":0.9929577708,"4":1.0,"5":1.0,"6":1.0,"7":1.0,"8":1.0,"9":1.0},"val_loss":{"0":0.7350894809,"1":0.6871477962,"2":0.7450814843,"3":0.9035375714,"4":1.0330103636,"5":1.1930514574,"6":1.2277575731,"7":1.2567784786,"8":1.2661377192,"9":1.284375906},"val_sparse_categorical_accuracy":{"0":0.7337278128,"1":0.7218934894,"2":0.7869822383,"3":0.7514792681,"4":0.7337278128,"5":0.7455621362,"6":0.7514792681,"7":0.7396449447,"8":0.7455621362,"9":0.7337278128}}