{"evaluation_accuracy":{"0":0.6462882161,"1":0.6462882161,"2":0.6462882161,"3":0.6462882161,"4":0.6462882161,"5":0.6462882161,"6":0.6462882161,"7":0.6462882161,"8":0.6462882161,"9":0.6462882161},"loss":{"0":0.6570904851,"1":0.2475349903,"2":0.0294855889,"3":0.075608559,"4":0.030492546,"5":0.0078524211,"6":0.008776661,"7":0.0005366671,"8":0.0001602067,"9":0.0001034417},"sparse_categorical_accuracy":{"0":0.5751748085,"1":0.9082167745,"2":0.9912587404,"3":0.9790209532,"4":0.9895104766,"5":0.9965034723,"6":0.9982517362,"7":1.0,"8":1.0,"9":1.0},"val_loss":{"0":0.6235379577,"1":0.9724508524,"2":1.6627415419,"3":1.3677648306,"4":1.7058821917,"5":1.7693521976,"6":1.9473214149,"7":2.1297898293,"8":2.1804943085,"9":2.2371528149},"val_sparse_categorical_accuracy":{"0":0.6683673263,"1":0.6135203838,"2":0.6275510192,"3":0.6096938848,"4":0.6224489808,"5":0.6568877697,"6":0.6415816545,"7":0.633928597,"8":0.6517857313,"9":0.6530612111}}