{"evaluation_accuracy":{"0":0.686619699,"1":0.686619699,"2":0.686619699,"3":0.686619699,"4":0.686619699,"5":0.686619699,"6":0.686619699,"7":0.686619699,"8":0.686619699,"9":0.686619699},"loss":{"0":0.9317952394,"1":0.7074020505,"2":0.4791045487,"3":0.2881980538,"4":0.2088223845,"5":0.1695859134,"6":0.1286339164,"7":0.0594514944,"8":0.0329376347,"9":0.0258525778},"sparse_categorical_accuracy":{"0":0.5211267471,"1":0.7323943377,"2":0.887323916,"3":0.9436619878,"4":0.9436619878,"5":0.9436619878,"6":0.9577465057,"7":1.0,"8":1.0,"9":1.0},"val_loss":{"0":0.8370807171,"1":0.6350245476,"2":0.6019950509,"3":0.5742294788,"4":0.6261669993,"5":0.7337901592,"6":0.7823607922,"7":0.8129698634,"8":0.8747844696,"9":0.9172514677},"val_sparse_categorical_accuracy":{"0":0.7455621362,"1":0.7573964596,"2":0.7869822383,"3":0.8047337532,"4":0.8106508851,"5":0.7751479149,"6":0.8047337532,"7":0.7869822383,"8":0.7514792681,"9":0.7337278128}}