{"evaluation_accuracy":{"0":0.7535211444,"1":0.7535211444,"2":0.7535211444,"3":0.7535211444,"4":0.7535211444,"5":0.7535211444,"6":0.7535211444,"7":0.7535211444,"8":0.7535211444,"9":0.7535211444},"loss":{"0":0.9324519038,"1":0.8425399065,"2":0.5160712004,"3":0.1632766426,"4":0.0745867863,"5":0.039228674,"6":0.0256190076,"7":0.0162715241,"8":0.0112192454,"9":0.0080862362},"sparse_categorical_accuracy":{"0":0.514084518,"1":0.5704225302,"2":0.8309859037,"3":0.9577465057,"4":0.985915482,"5":1.0,"6":1.0,"7":1.0,"8":1.0,"9":1.0},"val_loss":{"0":0.7928214669,"1":0.7249631882,"2":0.5919790268,"3":0.7405351996,"4":0.8991381526,"5":1.073693037,"6":1.0668390989,"7":1.1452909708,"8":1.1918281317,"9":1.2420656681},"val_sparse_categorical_accuracy":{"0":0.7278106213,"1":0.7396449447,"2":0.7633135915,"3":0.7869822383,"4":0.7278106213,"5":0.7396449447,"6":0.7396449447,"7":0.7514792681,"8":0.7337278128,"9":0.7573964596}}