{"evaluation_accuracy":{"0":0.7288732529,"1":0.7288732529,"2":0.7288732529,"3":0.7288732529,"4":0.7288732529,"5":0.7288732529,"6":0.7288732529,"7":0.7288732529,"8":0.7288732529,"9":0.7288732529},"loss":{"0":0.838772893,"1":0.4195590019,"2":0.1396783143,"3":0.0581598356,"4":0.0284744482,"5":0.0084605664,"6":0.0052102837,"7":0.0038531234,"8":0.0031650341,"9":0.0026901087},"sparse_categorical_accuracy":{"0":0.6267605424,"1":0.9014084339,"2":0.9577465057,"3":0.985915482,"4":1.0,"5":1.0,"6":1.0,"7":1.0,"8":1.0,"9":1.0},"val_loss":{"0":0.7897847295,"1":0.825374186,"2":0.816544652,"3":0.8842049241,"4":1.0086513758,"5":1.1338430643,"6":1.2314714193,"7":1.277687788,"8":1.3188722134,"9":1.3544501066},"val_sparse_categorical_accuracy":{"0":0.6094674468,"1":0.6982248425,"2":0.7928994298,"3":0.7810651064,"4":0.769230783,"5":0.7455621362,"6":0.7455621362,"7":0.7455621362,"8":0.7455621362,"9":0.7514792681}}