{"evaluation_accuracy":{"0":0.5820960402,"1":0.5820960402,"2":0.5820960402,"3":0.5820960402,"4":0.5820960402,"5":0.5820960402,"6":0.5820960402,"7":0.5820960402,"8":0.5820960402,"9":0.5820960402},"loss":{"0":0.7142398357,"1":0.6854886413,"2":0.5978912711,"3":0.5220930576,"4":0.4174950719,"5":0.2857595384,"6":0.1824679077,"7":0.0852991492,"8":0.0584529862,"9":0.1268098801},"sparse_categorical_accuracy":{"0":0.5052447319,"1":0.5734265447,"2":0.6765734553,"3":0.788461566,"4":0.8426573277,"5":0.8968531489,"6":0.938811183,"7":0.9667832255,"8":0.980769217,"9":0.9632866979},"val_loss":{"0":0.7730073929,"1":0.6661758423,"2":0.6720793843,"3":0.7918804884,"4":0.7862585187,"5":0.9535869956,"6":0.9286196828,"7":1.1459232569,"8":1.670544982,"9":1.0990543365},"val_sparse_categorical_accuracy":{"0":0.3966836631,"1":0.5994898081,"2":0.6390306354,"3":0.6556122303,"4":0.6224489808,"5":0.637755096,"6":0.5892857313,"7":0.5854591727,"8":0.5956632495,"9":0.6275510192}}