{"evaluation_accuracy":{"0":0.6427947879,"1":0.6427947879,"2":0.6427947879,"3":0.6427947879,"4":0.6427947879,"5":0.6427947879,"6":0.6427947879,"7":0.6427947879,"8":0.6427947879,"9":0.6427947879},"loss":{"0":0.6603512764,"1":0.2880794406,"2":0.0560862347,"3":0.0382116809,"4":0.0255860817,"5":0.027894957,"6":0.0157000218,"7":0.0004571369,"8":0.0002262469,"9":0.0001534623},"sparse_categorical_accuracy":{"0":0.6005244851,"1":0.8767482638,"2":0.980769217,"3":0.9860140085,"4":0.9956293702,"5":0.9930070043,"6":0.9965034723,"7":1.0,"8":1.0,"9":1.0},"val_loss":{"0":0.9293611646,"1":0.9315645099,"2":1.5014657974,"3":1.8595495224,"4":1.8744405508,"5":1.5980279446,"6":2.4495916367,"7":2.5124149323,"8":2.5634171963,"9":2.6429200172},"val_sparse_categorical_accuracy":{"0":0.5637755394,"1":0.6186224222,"2":0.6466836929,"3":0.6492347121,"4":0.6301020384,"5":0.6288265586,"6":0.5931122303,"7":0.6020408273,"8":0.6058673263,"9":0.6058673263}}