{"evaluation_accuracy":{"0":0.637323916,"1":0.637323916,"2":0.637323916,"3":0.637323916,"4":0.637323916,"5":0.637323916,"6":0.637323916,"7":0.637323916,"8":0.637323916,"9":0.637323916},"loss":{"0":1.0179644823,"1":0.7466777563,"2":0.5984296799,"3":0.495960921,"4":0.2625932395,"5":0.2186667174,"6":0.1549244672,"7":0.1190906614,"8":0.1018632576,"9":0.0866504908},"sparse_categorical_accuracy":{"0":0.3802816868,"1":0.7042253613,"2":0.887323916,"3":0.887323916,"4":0.9436619878,"5":0.9436619878,"6":0.9436619878,"7":0.9436619878,"8":0.9436619878,"9":0.9436619878},"val_loss":{"0":0.7557234168,"1":0.7924442887,"2":0.9232794642,"3":0.6446295381,"4":0.6837995052,"5":0.8108103275,"6":0.8549916744,"7":0.9167152643,"8":0.935765028,"9":1.0083833933},"val_sparse_categorical_accuracy":{"0":0.7278106213,"1":0.5976331234,"2":0.5266272426,"3":0.7455621362,"4":0.7633135915,"5":0.7455621362,"6":0.7633135915,"7":0.769230783,"8":0.7751479149,"9":0.7573964596}}