{"evaluation_accuracy":{"0":0.6567685604,"1":0.6567685604,"2":0.6567685604,"3":0.6567685604,"4":0.6567685604,"5":0.6567685604,"6":0.6567685604,"7":0.6567685604,"8":0.6567685604,"9":0.6567685604},"loss":{"0":0.7059161067,"1":0.6898654103,"2":0.6875554323,"3":0.6164686084,"4":0.4178282022,"5":0.3234645426,"6":0.2467148453,"7":0.1461122036,"8":0.1309804171,"9":0.0740021765},"sparse_categorical_accuracy":{"0":0.5104895234,"1":0.5402097702,"2":0.538461566,"3":0.6503496766,"4":0.8199300766,"5":0.8793706298,"6":0.9178321958,"7":0.9597902298,"8":0.9667832255,"9":0.9842657447},"val_loss":{"0":0.6707735658,"1":0.6941734552,"2":0.6794244647,"3":0.8303400874,"4":0.7271373272,"5":0.7437244058,"6":0.9758437872,"7":1.0271140337,"8":1.2729421854,"9":1.3626779318},"val_sparse_categorical_accuracy":{"0":0.6033163071,"1":0.4056122303,"2":0.5484693646,"3":0.5841836929,"4":0.6352040768,"5":0.6224489808,"6":0.637755096,"7":0.5790816545,"8":0.5905612111,"9":0.6224489808}}