{"evaluation_accuracy":{"0":0.7394366264,"1":0.7394366264,"2":0.7394366264,"3":0.7394366264,"4":0.7394366264,"5":0.7394366264,"6":0.7394366264,"7":0.7394366264,"8":0.7394366264,"9":0.7394366264},"loss":{"0":0.8735283613,"1":0.544794023,"2":0.1622318178,"3":0.0570582673,"4":0.0322403908,"5":0.0206458475,"6":0.0108063314,"7":0.0054341489,"8":0.0039814985,"9":0.0028766564},"sparse_categorical_accuracy":{"0":0.5845070481,"1":0.8239436746,"2":0.9577465057,"3":0.9929577708,"4":1.0,"5":1.0,"6":1.0,"7":1.0,"8":1.0,"9":1.0},"val_loss":{"0":0.8724068403,"1":0.6584069729,"2":0.727866292,"3":0.8870567679,"4":0.9420682192,"5":0.9953804612,"6":1.0377366543,"7":1.0590947866,"8":1.0876911879,"9":1.1098725796},"val_sparse_categorical_accuracy":{"0":0.5443786979,"1":0.7573964596,"2":0.7573964596,"3":0.7810651064,"4":0.7751479149,"5":0.7751479149,"6":0.7810651064,"7":0.7751479149,"8":0.7869822383,"9":0.7869822383}}