{"evaluation_accuracy":{"0":0.6467248797,"1":0.6467248797,"2":0.6467248797,"3":0.6467248797,"4":0.6467248797,"5":0.6467248797,"6":0.6467248797,"7":0.6467248797,"8":0.6467248797,"9":0.6467248797},"loss":{"0":0.6153490543,"1":0.189284429,"2":0.0514688008,"3":0.0566439331,"4":0.037756186,"5":0.0052027847,"6":0.0002368327,"7":0.0001747425,"8":0.0001291367,"9":0.000100261},"sparse_categorical_accuracy":{"0":0.6678321958,"1":0.938811183,"2":0.9860140085,"3":0.9790209532,"4":0.9860140085,"5":0.9982517362,"6":1.0,"7":1.0,"8":1.0,"9":1.0},"val_loss":{"0":0.720943749,"1":1.6512806416,"2":1.6249803305,"3":2.1663775444,"4":1.1350916624,"5":2.1738166809,"6":2.2727565765,"7":2.3656773567,"8":2.4430234432,"9":2.5037214756},"val_sparse_categorical_accuracy":{"0":0.5599489808,"1":0.5663265586,"2":0.6364796162,"3":0.5931122303,"4":0.5663265586,"5":0.6071428657,"6":0.6096938848,"7":0.6058673263,"8":0.6071428657,"9":0.6071428657}}