{"evaluation_accuracy":{"0":0.7183098793,"1":0.7183098793,"2":0.7183098793,"3":0.7183098793,"4":0.7183098793,"5":0.7183098793,"6":0.7183098793,"7":0.7183098793,"8":0.7183098793,"9":0.7183098793},"loss":{"0":0.935767591,"1":0.8035238385,"2":0.6921494007,"3":0.5173373818,"4":0.4834245443,"5":0.2178446054,"6":0.1947976649,"7":0.1774919331,"8":0.061637871,"9":0.0225081909},"sparse_categorical_accuracy":{"0":0.5070422292,"1":0.6478873491,"2":0.7323943377,"3":0.8591549397,"4":0.8028169274,"5":0.9436619878,"6":0.9295774698,"7":0.9577465057,"8":1.0,"9":1.0},"val_loss":{"0":0.7667585015,"1":0.7314652205,"2":0.8126632571,"3":0.6480697393,"4":1.0149792433,"5":0.7429956198,"6":1.1067547798,"7":0.8332378864,"8":0.8541254997,"9":1.1506537199},"val_sparse_categorical_accuracy":{"0":0.7278106213,"1":0.7396449447,"2":0.5917159915,"3":0.7514792681,"4":0.6508875489,"5":0.7810651064,"6":0.6804733872,"7":0.7633135915,"8":0.7514792681,"9":0.7159763575}}