{"evaluation_accuracy":{"0":0.7429577708,"1":0.7429577708,"2":0.7429577708,"3":0.7429577708,"4":0.7429577708,"5":0.7429577708,"6":0.7429577708,"7":0.7429577708,"8":0.7429577708,"9":0.7429577708},"loss":{"0":0.8910384178,"1":0.4324095845,"2":0.1966782808,"3":0.076602675,"4":0.031967029,"5":0.0104648042,"6":0.0050392258,"7":0.0033579308,"8":0.0027012303,"9":0.0021874248},"sparse_categorical_accuracy":{"0":0.563380301,"1":0.9014084339,"2":0.9436619878,"3":0.9788732529,"4":0.985915482,"5":1.0,"6":1.0,"7":1.0,"8":1.0,"9":1.0},"val_loss":{"0":0.631072402,"1":0.6481904387,"2":0.7621086836,"3":0.9622763991,"4":0.987083137,"5":1.0777394772,"6":1.1602498293,"7":1.2234554291,"8":1.243322134,"9":1.2765475512},"val_sparse_categorical_accuracy":{"0":0.7396449447,"1":0.7869822383,"2":0.7751479149,"3":0.7751479149,"4":0.7751479149,"5":0.7633135915,"6":0.7751479149,"7":0.7751479149,"8":0.7810651064,"9":0.7810651064}}