{"evaluation_accuracy":{"0":0.7535211444,"1":0.7535211444,"2":0.7535211444,"3":0.7535211444,"4":0.7535211444,"5":0.7535211444,"6":0.7535211444,"7":0.7535211444,"8":0.7535211444,"9":0.7535211444},"loss":{"0":0.9609529972,"1":0.800958395,"2":0.7112233639,"3":0.5544806719,"4":0.3419338167,"5":0.2208880186,"6":0.1367031187,"7":0.0900014192,"8":0.0608190075,"9":0.0345604792},"sparse_categorical_accuracy":{"0":0.492957741,"1":0.6478873491,"2":0.6619718075,"3":0.8169013858,"4":0.9295774698,"5":0.9295774698,"6":0.9436619878,"7":0.9577465057,"8":0.985915482,"9":1.0},"val_loss":{"0":0.7959105968,"1":0.8440138102,"2":0.7275158167,"3":0.6287358999,"4":0.6859756708,"5":0.6561593413,"6":0.705821991,"7":0.7648605108,"8":0.836256206,"9":0.9379965663},"val_sparse_categorical_accuracy":{"0":0.7278106213,"1":0.5680473447,"2":0.7278106213,"3":0.7514792681,"4":0.7633135915,"5":0.7928994298,"6":0.7869822383,"7":0.7928994298,"8":0.7928994298,"9":0.7869822383}}