{"evaluation_accuracy":{"0":0.5069869161,"1":0.5069869161,"2":0.5069869161,"3":0.5069869161},"loss":{"0":0.7067970634,"1":0.7138652205,"2":0.7115610838,"3":0.7079448104},"sparse_categorical_accuracy":{"0":0.5139859915,"1":0.4772727191,"2":0.4685314596,"3":0.4562937021},"val_loss":{"0":0.6941315532,"1":0.6832697392,"2":0.6939870715,"3":0.6985633969},"val_sparse_categorical_accuracy":{"0":0.5165816545,"1":0.6033163071,"2":0.3966836631,"3":0.3966836631}}