{"evaluation_accuracy":{"0":0.4930131137,"1":0.4930131137,"2":0.4930131137,"3":0.4930131137,"4":0.4930131137,"5":0.4930131137,"6":0.4930131137,"7":0.4930131137,"8":0.4930131137},"loss":{"0":0.7141462564,"1":0.7012884617,"2":0.694785893,"3":0.6913849711,"4":0.6793707013,"5":0.6775870919,"6":0.7020128965,"7":0.7110629082,"8":0.7014907598},"sparse_categorical_accuracy":{"0":0.5017482638,"1":0.5489510298,"2":0.541958034,"3":0.5524475574,"4":0.5244755149,"5":0.5576922894,"6":0.541958034,"7":0.4947552383,"8":0.5174825191},"val_loss":{"0":0.6852178574,"1":0.7517977953,"2":0.7805771828,"3":0.6851468086,"4":0.7372425795,"5":0.662568748,"6":0.6860088706,"7":0.7120661736,"8":0.6819119453},"val_sparse_categorical_accuracy":{"0":0.5994898081,"1":0.4528061152,"2":0.3494898081,"3":0.5153061152,"4":0.3966836631,"5":0.5701530576,"6":0.6033163071,"7":0.3966836631,"8":0.6033163071}}