{"evaluation_accuracy":{"0":0.764084518,"1":0.764084518,"2":0.764084518,"3":0.764084518,"4":0.764084518,"5":0.764084518,"6":0.764084518,"7":0.764084518,"8":0.764084518,"9":0.764084518},"loss":{"0":0.9558090568,"1":0.7273162603,"2":0.4801878631,"3":0.2659775019,"4":0.1583256423,"5":0.1151341349,"6":0.0571741983,"7":0.0216440409,"8":0.0135765327,"9":0.0084828995},"sparse_categorical_accuracy":{"0":0.4647887349,"1":0.7183098793,"2":0.887323916,"3":0.9436619878,"4":0.9436619878,"5":0.9718309641,"6":1.0,"7":1.0,"8":1.0,"9":1.0},"val_loss":{"0":0.7931506038,"1":0.659483552,"2":0.5867271423,"3":0.6437911987,"4":0.772990942,"5":0.7938834429,"6":1.0503940582,"7":1.2096984386,"8":1.097086668,"9":1.1195635796},"val_sparse_categorical_accuracy":{"0":0.7455621362,"1":0.7514792681,"2":0.7751479149,"3":0.7751479149,"4":0.7810651064,"5":0.7514792681,"6":0.7810651064,"7":0.7810651064,"8":0.7988165617,"9":0.7928994298}}