{"evaluation_accuracy":{"0":0.7288732529,"1":0.7288732529,"2":0.7288732529,"3":0.7288732529,"4":0.7288732529,"5":0.7288732529,"6":0.7288732529,"7":0.7288732529,"8":0.7288732529,"9":0.7288732529},"loss":{"0":0.9462016821,"1":0.8649598956,"2":0.8736487627,"3":0.7998541594,"4":0.7071054578,"5":0.5320206881,"6":0.3229724169,"7":0.2597263753,"8":0.2036890984,"9":0.1106024384},"sparse_categorical_accuracy":{"0":0.5211267471,"1":0.549295783,"2":0.549295783,"3":0.6056337953,"4":0.7464788556,"5":0.8591549397,"6":0.9014084339,"7":0.9295774698,"8":0.9295774698,"9":0.985915482},"val_loss":{"0":0.8729072809,"1":0.7493165135,"2":0.8180276752,"3":0.7593648434,"4":0.6910238266,"5":0.6239106655,"6":0.6548522115,"7":1.0030448437,"8":0.7116845846,"9":0.8206729293},"val_sparse_categorical_accuracy":{"0":0.7159763575,"1":0.7278106213,"2":0.7278106213,"3":0.7573964596,"4":0.710059166,"5":0.7514792681,"6":0.7573964596,"7":0.644970417,"8":0.7751479149,"9":0.7810651064}}