{"evaluation_accuracy":{"0":0.6593886614,"1":0.6593886614,"2":0.6593886614,"3":0.6593886614,"4":0.6593886614,"5":0.6593886614,"6":0.6593886614,"7":0.6593886614,"8":0.6593886614,"9":0.6593886614},"loss":{"0":0.648948431,"1":0.2899445891,"2":0.0835821107,"3":0.0470143668,"4":0.0360630751,"5":0.0062997323,"6":0.0007478707,"7":0.0001861128,"8":0.0001492454,"9":0.0001118699},"sparse_categorical_accuracy":{"0":0.6346153617,"1":0.8959790468,"2":0.9755244851,"3":0.9851398468,"4":0.9860140085,"5":0.9991258979,"6":1.0,"7":1.0,"8":1.0,"9":1.0},"val_loss":{"0":0.731159389,"1":1.1057415009,"2":1.3265399933,"3":1.7461479902,"4":1.4705079794,"5":2.1198759079,"6":2.3414838314,"7":2.4176983833,"8":2.4637022018,"9":2.5233500004},"val_sparse_categorical_accuracy":{"0":0.5701530576,"1":0.5943877697,"2":0.6262755394,"3":0.5510203838,"4":0.5956632495,"5":0.5994898081,"6":0.6211734414,"7":0.6147959232,"8":0.612244904,"9":0.6109693646}}