{"evaluation_accuracy":{"0":0.6668122411,"1":0.6668122411,"2":0.6668122411,"3":0.6668122411,"4":0.6668122411,"5":0.6668122411,"6":0.6668122411,"7":0.6668122411,"8":0.6668122411,"9":0.6668122411},"loss":{"0":0.644882977,"1":0.3601359427,"2":0.1158100888,"3":0.0224006046,"4":0.0638468936,"5":0.0304675438,"6":0.0039290613,"7":0.0007350933,"8":0.0432772748,"9":0.0410153642},"sparse_categorical_accuracy":{"0":0.6372377872,"1":0.858391583,"2":0.9641608596,"3":0.9956293702,"4":0.9790209532,"5":0.9921328425,"6":0.9991258979,"7":1.0,"8":0.983391583,"9":0.9903846383},"val_loss":{"0":0.7463653684,"1":0.7857468128,"2":1.1651134491,"3":1.5031272173,"4":1.2200969458,"5":1.3343567848,"6":1.778629899,"7":1.8938577175,"8":1.7227255106,"9":1.4140977859},"val_sparse_categorical_accuracy":{"0":0.6109693646,"1":0.6313775778,"2":0.6428571343,"3":0.6581632495,"4":0.6313775778,"5":0.6428571343,"6":0.6581632495,"7":0.6568877697,"8":0.6096938848,"9":0.6441326737}}