{"evaluation_accuracy":{"0":0.7394366264,"1":0.7394366264,"2":0.7394366264,"3":0.7394366264,"4":0.7394366264,"5":0.7394366264,"6":0.7394366264,"7":0.7394366264,"8":0.7394366264,"9":0.7394366264},"loss":{"0":0.9394105673,"1":0.5453984141,"2":0.2595253289,"3":0.0931407735,"4":0.0295990184,"5":0.008040525,"6":0.0036956349,"7":0.0023403838,"8":0.0017899703,"9":0.0015917298},"sparse_categorical_accuracy":{"0":0.4788732529,"1":0.8732394576,"2":0.9154929519,"3":0.9647887349,"4":1.0,"5":1.0,"6":1.0,"7":1.0,"8":1.0,"9":1.0},"val_loss":{"0":0.8040647507,"1":0.6639795899,"2":0.8813598156,"3":0.8723385334,"4":1.0138041973,"5":1.0872191191,"6":1.1448111534,"7":1.1768698692,"8":1.2085543871,"9":1.2221894264},"val_sparse_categorical_accuracy":{"0":0.7278106213,"1":0.7455621362,"2":0.7455621362,"3":0.7455621362,"4":0.7396449447,"5":0.7455621362,"6":0.7455621362,"7":0.7455621362,"8":0.7455621362,"9":0.7514792681}}