{"evaluation_accuracy":{"0":0.7605633736,"1":0.7605633736,"2":0.7605633736,"3":0.7605633736,"4":0.7605633736,"5":0.7605633736,"6":0.7605633736,"7":0.7605633736,"8":0.7605633736,"9":0.7605633736},"loss":{"0":1.0350996256,"1":0.8716487885,"2":0.7375943065,"3":0.5168142319,"4":0.223147139,"5":0.1049301848,"6":0.0767784417,"7":0.0461982824,"8":0.0340833515,"9":0.0273606014},"sparse_categorical_accuracy":{"0":0.4084506929,"1":0.5070422292,"2":0.7605633736,"3":0.8732394576,"4":0.9295774698,"5":0.9436619878,"6":0.9577465057,"7":1.0,"8":1.0,"9":1.0},"val_loss":{"0":0.9300861955,"1":0.7832215428,"2":0.671921432,"3":0.6339153051,"4":0.6011885405,"5":0.8514000773,"6":0.9670446515,"7":0.999912858,"8":1.0307006836,"9":1.0800410509},"val_sparse_categorical_accuracy":{"0":0.2781065106,"1":0.7278106213,"2":0.769230783,"3":0.8047337532,"4":0.8284023404,"5":0.7988165617,"6":0.7869822383,"7":0.7810651064,"8":0.7810651064,"9":0.7810651064}}