{"evaluation_accuracy":{"0":0.6331877708,"1":0.6331877708,"2":0.6331877708,"3":0.6331877708,"4":0.6331877708,"5":0.6331877708,"6":0.6331877708,"7":0.6331877708,"8":0.6331877708,"9":0.6331877708},"loss":{"0":0.6684308052,"1":0.3463320136,"2":0.0986089036,"3":0.0296791811,"4":0.0148925586,"5":0.0004554234,"6":0.0002469606,"7":0.0001836838,"8":0.0001501204,"9":0.0378794186},"sparse_categorical_accuracy":{"0":0.5839160681,"1":0.8566433787,"2":0.961538434,"3":0.9930070043,"4":0.9921328425,"5":1.0,"6":1.0,"7":1.0,"8":1.0,"9":0.9842657447},"val_loss":{"0":0.6139913797,"1":0.7552255988,"2":0.8990646601,"3":1.2209137678,"4":1.7917164564,"5":2.0228807926,"6":2.1566205025,"7":2.2438321114,"8":2.4470431805,"9":1.6399664879},"val_sparse_categorical_accuracy":{"0":0.6670918465,"1":0.6607142687,"2":0.6517857313,"3":0.6568877697,"4":0.6594387889,"5":0.6619898081,"6":0.6543367505,"7":0.6594387889,"8":0.6326530576,"9":0.6224489808}}