{"evaluation_accuracy":{"0":0.6580786109,"1":0.6580786109,"2":0.6580786109,"3":0.6580786109,"4":0.6580786109,"5":0.6580786109,"6":0.6580786109,"7":0.6580786109,"8":0.6580786109,"9":0.6580786109},"loss":{"0":0.705042243,"1":0.5675649047,"2":0.1580274552,"3":0.0555171296,"4":0.0044812122,"5":0.0030253027,"6":0.0011477018,"7":0.0001726498,"8":0.0001260677,"9":0.0000890534},"sparse_categorical_accuracy":{"0":0.5008741021,"1":0.6940559149,"2":0.9396852851,"3":0.9842657447,"4":0.9982517362,"5":0.9982517362,"6":0.9991258979,"7":1.0,"8":1.0,"9":1.0},"val_loss":{"0":0.6874851584,"1":0.6617102623,"2":1.2881895304,"3":1.553673625,"4":1.7695246935,"5":1.9012898207,"6":1.9747196436,"7":2.0747082233,"8":2.168700695,"9":2.2358167171},"val_sparse_categorical_accuracy":{"0":0.5153061152,"1":0.6645408273,"2":0.6683673263,"3":0.6403061152,"4":0.6415816545,"5":0.6403061152,"6":0.6517857313,"7":0.6568877697,"8":0.6543367505,"9":0.6556122303}}