{"evaluation_accuracy":{"0":0.7112675905,"1":0.7112675905,"2":0.7112675905,"3":0.7112675905,"4":0.7112675905,"5":0.7112675905,"6":0.7112675905,"7":0.7112675905,"8":0.7112675905,"9":0.7112675905},"loss":{"0":1.0269674063,"1":0.833887279,"2":0.7519731522,"3":0.4715538621,"4":0.2584158182,"5":0.1436702013,"6":0.0862861723,"7":0.0416011401,"8":0.0247167647,"9":0.012976299},"sparse_categorical_accuracy":{"0":0.4366197288,"1":0.563380301,"2":0.7042253613,"3":0.8591549397,"4":0.9295774698,"5":0.9436619878,"6":0.9577465057,"7":1.0,"8":1.0,"9":1.0},"val_loss":{"0":0.8274028897,"1":0.9369515777,"2":0.73786062,"3":0.657948494,"4":0.6918817163,"5":0.9369769692,"6":0.9789498448,"7":1.0392897129,"8":1.1487687826,"9":1.2225570679},"val_sparse_categorical_accuracy":{"0":0.7278106213,"1":0.4201183319,"2":0.6982248425,"3":0.7514792681,"4":0.7633135915,"5":0.7514792681,"6":0.7633135915,"7":0.7455621362,"8":0.7455621362,"9":0.7455621362}}