{"evaluation_accuracy":{"0":0.6936619878,"1":0.6936619878,"2":0.6936619878,"3":0.6936619878,"4":0.6936619878,"5":0.6936619878,"6":0.6936619878,"7":0.6936619878,"8":0.6936619878,"9":0.6936619878},"loss":{"0":0.9132742286,"1":0.4440303743,"2":0.1348967552,"3":0.1122103781,"4":0.0330005884,"5":0.0188787151,"6":0.0129513564,"7":0.0077831619,"8":0.0052062669,"9":0.0040420876},"sparse_categorical_accuracy":{"0":0.5281690359,"1":0.887323916,"2":0.9788732529,"3":0.9788732529,"4":1.0,"5":1.0,"6":1.0,"7":1.0,"8":1.0,"9":1.0},"val_loss":{"0":0.7279810905,"1":0.6914145947,"2":1.2378749847,"3":0.7874338627,"4":0.9358874559,"5":0.9894432425,"6":1.0356100798,"7":1.0687563419,"8":1.1024124622,"9":1.1313643456},"val_sparse_categorical_accuracy":{"0":0.7278106213,"1":0.769230783,"2":0.644970417,"3":0.7633135915,"4":0.7751479149,"5":0.769230783,"6":0.7810651064,"7":0.7810651064,"8":0.7810651064,"9":0.7810651064}}