{"evaluation_accuracy":{"0":0.6331877708,"1":0.6331877708,"2":0.6331877708,"3":0.6331877708,"4":0.6331877708,"5":0.6331877708,"6":0.6331877708,"7":0.6331877708,"8":0.6331877708,"9":0.6331877708},"loss":{"0":0.7061873078,"1":0.6715593934,"2":0.5616756082,"3":0.3440563083,"4":0.1470893323,"5":0.0512169041,"6":0.0303466078,"7":0.0363071375,"8":0.0312501751,"9":0.0386124924},"sparse_categorical_accuracy":{"0":0.5122377872,"1":0.5734265447,"2":0.6643356681,"3":0.8636363745,"4":0.9510489702,"5":0.9842657447,"6":0.9895104766,"7":0.9825174809,"8":0.9877622128,"9":0.9842657447},"val_loss":{"0":0.6981788278,"1":0.7149861455,"2":0.6439769268,"3":0.8021177053,"4":1.1154372692,"5":1.5694600344,"6":1.4348208904,"7":1.9313730001,"8":2.2089047432,"9":2.0056843758},"val_sparse_categorical_accuracy":{"0":0.5280612111,"1":0.5510203838,"2":0.6390306354,"3":0.616071403,"4":0.6492347121,"5":0.5943877697,"6":0.5982142687,"7":0.637755096,"8":0.5892857313,"9":0.6084183455}}