{"evaluation_accuracy":{"0":0.7288732529,"1":0.7288732529,"2":0.7288732529,"3":0.7288732529,"4":0.7288732529,"5":0.7288732529,"6":0.7288732529,"7":0.7288732529,"8":0.7288732529,"9":0.7288732529},"loss":{"0":0.9213522077,"1":0.7171301246,"2":0.4696370065,"3":0.2237090021,"4":0.0920121968,"5":0.0380914062,"6":0.0180660393,"7":0.0437738374,"8":0.0470500179,"9":0.0708039701},"sparse_categorical_accuracy":{"0":0.5422534943,"1":0.7183098793,"2":0.8591549397,"3":0.9295774698,"4":0.9436619878,"5":1.0,"6":1.0,"7":0.9929577708,"8":0.985915482,"9":0.9647887349},"val_loss":{"0":0.845760107,"1":0.6920464635,"2":0.7104561925,"3":0.7499787807,"4":0.9249764085,"5":1.0405259132,"6":1.2560092211,"7":1.3519158363,"8":1.2376015186,"9":1.39623487},"val_sparse_categorical_accuracy":{"0":0.6686390638,"1":0.7278106213,"2":0.7337278128,"3":0.769230783,"4":0.7159763575,"5":0.6804733872,"6":0.6331360936,"7":0.6804733872,"8":0.7751479149,"9":0.710059166}}