{"evaluation_accuracy":{"0":0.735915482,"1":0.735915482,"2":0.735915482,"3":0.735915482,"4":0.735915482,"5":0.735915482,"6":0.735915482,"7":0.735915482,"8":0.735915482,"9":0.735915482},"loss":{"0":0.9424088001,"1":0.8806241155,"2":0.7216508389,"3":0.4167161286,"4":0.1510275304,"5":0.0734614208,"6":0.045597259,"7":0.0326576978,"8":0.0212937538,"9":0.0135690598},"sparse_categorical_accuracy":{"0":0.5070422292,"1":0.5352112651,"2":0.7323943377,"3":0.8732394576,"4":0.985915482,"5":1.0,"6":0.985915482,"7":1.0,"8":1.0,"9":1.0},"val_loss":{"0":0.7854470015,"1":0.8341594338,"2":0.7813488841,"3":0.7777256966,"4":0.7547267675,"5":0.9402154088,"6":0.965478003,"7":1.0362907648,"8":1.1221251488,"9":1.1403528452},"val_sparse_categorical_accuracy":{"0":0.7278106213,"1":0.6923077106,"2":0.644970417,"3":0.7041420341,"4":0.769230783,"5":0.7810651064,"6":0.7869822383,"7":0.7810651064,"8":0.7751479149,"9":0.7573964596}}