{"evaluation_accuracy":{"0":0.7605633736,"1":0.7605633736,"2":0.7605633736,"3":0.7605633736,"4":0.7605633736,"5":0.7605633736,"6":0.7605633736,"7":0.7605633736,"8":0.7605633736,"9":0.7605633736},"loss":{"0":0.9687234759,"1":0.824677825,"2":0.6157775521,"3":0.2867463231,"4":0.162420854,"5":0.1050302684,"6":0.0735529363,"7":0.0571642742,"8":0.0571565889,"9":0.0945598111},"sparse_categorical_accuracy":{"0":0.5070422292,"1":0.549295783,"2":0.8098591566,"3":0.936619699,"4":0.950704217,"5":0.9647887349,"6":0.985915482,"7":0.985915482,"8":0.985915482,"9":0.9718309641},"val_loss":{"0":0.9434668422,"1":0.7226037383,"2":0.6202848554,"3":0.7564208508,"4":0.8021417856,"5":0.8716121912,"6":0.9129377604,"7":1.0837165117,"8":1.0997982025,"9":0.96153754},"val_sparse_categorical_accuracy":{"0":0.4023668766,"1":0.7278106213,"2":0.7751479149,"3":0.7573964596,"4":0.7278106213,"5":0.769230783,"6":0.7751479149,"7":0.7514792681,"8":0.7455621362,"9":0.7633135915}}