{"evaluation_accuracy":{"0":0.6760563254,"1":0.6760563254,"2":0.6760563254,"3":0.6760563254,"4":0.6760563254,"5":0.6760563254,"6":0.6760563254,"7":0.6760563254,"8":0.6760563254,"9":0.6760563254},"loss":{"0":1.0856212378,"1":0.8998662233,"2":0.8434081674,"3":0.7918974161,"4":0.732272923,"5":0.749401927,"6":0.5397750139,"7":0.3445659876,"8":0.2222069502,"9":0.2755370736},"sparse_categorical_accuracy":{"0":0.3380281627,"1":0.4225352108,"2":0.5774647593,"3":0.6197183132,"4":0.6760563254,"5":0.6901408434,"6":0.8309859037,"7":0.8591549397,"8":0.9295774698,"9":0.887323916},"val_loss":{"0":0.8070103526,"1":0.8086507916,"2":0.7501333356,"3":0.7770159841,"4":0.8389695883,"5":0.9416963458,"6":0.6941314936,"7":0.8816261292,"8":0.7946986556,"9":0.8748317957},"val_sparse_categorical_accuracy":{"0":0.7278106213,"1":0.7278106213,"2":0.7278106213,"3":0.7041420341,"4":0.5502958298,"5":0.5798816681,"6":0.7218934894,"7":0.6745561957,"8":0.7396449447,"9":0.6863905191}}