{"evaluation_accuracy":{"0":0.6314410567,"1":0.6314410567,"2":0.6314410567,"3":0.6314410567,"4":0.6314410567,"5":0.6314410567,"6":0.6314410567,"7":0.6314410567},"loss":{"0":0.6450704932,"1":0.2347914726,"2":0.0443983898,"3":0.0096759181,"4":0.0007760457,"5":0.0933813751,"6":0.0234622713,"7":0.0013034188},"sparse_categorical_accuracy":{"0":0.5926573277,"1":0.9090909362,"2":0.9851398468,"3":0.9965034723,"4":1.0,"5":0.9589160681,"6":0.9947552681,"7":1.0},"val_loss":{"0":0.7839816213,"1":1.4537501335,"2":1.4412540197,"3":1.9447300434,"4":2.242784977,"5":1.7429417372,"6":1.6413137913,"7":2.8877084255},"val_sparse_categorical_accuracy":{"0":0.5625,"1":0.6045918465,"2":0.6403061152,"3":0.6288265586,"4":0.6454081535,"5":0.6301020384,"6":0.6301020384,"7":0.5892857313}}