{"evaluation_accuracy":{"0":0.7570422292,"1":0.7570422292,"2":0.7570422292,"3":0.7570422292,"4":0.7570422292,"5":0.7570422292,"6":0.7570422292,"7":0.7570422292,"8":0.7570422292,"9":0.7570422292},"loss":{"0":0.949238956,"1":0.7535907626,"2":0.3340089917,"3":0.190964371,"4":0.1483234018,"5":0.16528216,"6":0.1534160525,"7":0.0440252312,"8":0.0167549681,"9":0.0052041402},"sparse_categorical_accuracy":{"0":0.5281690359,"1":0.6690140963,"2":0.9295774698,"3":0.950704217,"4":0.9436619878,"5":0.9577465057,"6":0.950704217,"7":0.985915482,"8":0.9929577708,"9":1.0},"val_loss":{"0":0.7325879931,"1":0.6729106307,"2":0.869607687,"3":1.0059274435,"4":0.9085825086,"5":0.9422105551,"6":0.8753985167,"7":1.2519435883,"8":1.1243153811,"9":1.0652370453},"val_sparse_categorical_accuracy":{"0":0.7278106213,"1":0.7337278128,"2":0.7337278128,"3":0.7573964596,"4":0.7810651064,"5":0.7041420341,"6":0.7869822383,"7":0.7278106213,"8":0.769230783,"9":0.7869822383}}