{"evaluation_accuracy":{"0":0.6528384089,"1":0.6528384089,"2":0.6528384089,"3":0.6528384089,"4":0.6528384089,"5":0.6528384089,"6":0.6528384089,"7":0.6528384089},"loss":{"0":0.6231389046,"1":0.206213057,"2":0.045556657,"3":0.0200014506,"4":0.0136560313,"5":0.0409724452,"6":0.0354703367,"7":0.0253091101},"sparse_categorical_accuracy":{"0":0.6284965277,"1":0.9239510298,"2":0.9851398468,"3":0.9956293702,"4":0.9965034723,"5":0.9877622128,"6":0.9930070043,"7":0.9938811064},"val_loss":{"0":1.0126956701,"1":1.1845448017,"2":1.3256770372,"3":1.7610839605,"4":2.1132411957,"5":1.2885568142,"6":1.5101252794,"7":1.880417347},"val_sparse_categorical_accuracy":{"0":0.4808673561,"1":0.6211734414,"2":0.6186224222,"3":0.6645408273,"4":0.6173469424,"5":0.6135203838,"6":0.6543367505,"7":0.6441326737}}