{"evaluation_accuracy":{"0":0.6358078718,"1":0.6358078718,"2":0.6358078718,"3":0.6358078718,"4":0.6358078718,"5":0.6358078718,"6":0.6358078718,"7":0.6358078718,"8":0.6358078718,"9":0.6358078718},"loss":{"0":0.6072671413,"1":0.1890353113,"2":0.0576254986,"3":0.0120438831,"4":0.0006089009,"5":0.0003722314,"6":0.0002378251,"7":0.0001815316,"8":0.0220359731,"9":0.1421947926},"sparse_categorical_accuracy":{"0":0.6582167745,"1":0.9300699234,"2":0.9781468511,"3":0.9956293702,"4":1.0,"5":1.0,"6":1.0,"7":1.0,"8":0.9956293702,"9":0.9493007064},"val_loss":{"0":0.7788091898,"1":1.3350940943,"2":1.7601907253,"3":2.1588675976,"4":2.3256471157,"5":2.4578382969,"6":2.5600936413,"7":2.6393837929,"8":2.3286573887,"9":1.4667807817},"val_sparse_categorical_accuracy":{"0":0.6505101919,"1":0.5956632495,"2":0.5561224222,"3":0.5854591727,"4":0.5803571343,"5":0.575255096,"6":0.5778061152,"7":0.5765306354,"8":0.5778061152,"9":0.6313775778}}