{"evaluation_accuracy":{"0":0.6410480142,"1":0.6410480142,"2":0.6410480142,"3":0.6410480142,"4":0.6410480142,"5":0.6410480142,"6":0.6410480142,"7":0.6410480142,"8":0.6410480142,"9":0.6410480142},"loss":{"0":0.6998112798,"1":0.5849497914,"2":0.2963537872,"3":0.0397572666,"4":0.0598723814,"5":0.0181378871,"6":0.0335630961,"7":0.0198142491,"8":0.0003697599,"9":0.0001144139},"sparse_categorical_accuracy":{"0":0.5402097702,"1":0.6826922894,"2":0.8889859915,"3":0.9903846383,"4":0.9816433787,"5":0.997377634,"6":0.9895104766,"7":0.9921328425,"8":1.0,"9":1.0},"val_loss":{"0":0.6907100081,"1":0.7465206981,"2":1.0698525906,"3":1.5188943148,"4":1.4416971207,"5":2.0912799835,"6":2.0487883091,"7":2.1096346378,"8":2.2035753727,"9":2.2592213154},"val_sparse_categorical_accuracy":{"0":0.571428597,"1":0.625,"2":0.5586734414,"3":0.6428571343,"4":0.6632652879,"5":0.6237244606,"6":0.6301020384,"7":0.6173469424,"8":0.6505101919,"9":0.6556122303}}