{"evaluation_accuracy":{"0":0.6471615434,"1":0.6471615434,"2":0.6471615434,"3":0.6471615434,"4":0.6471615434,"5":0.6471615434,"6":0.6471615434,"7":0.6471615434,"8":0.6471615434,"9":0.6471615434},"loss":{"0":0.7090038061,"1":0.6535195112,"2":0.5600560904,"3":0.3119346499,"4":0.1662758887,"5":0.0814896226,"6":0.0299969483,"7":0.0542103462,"8":0.0265173223,"9":0.0030655633},"sparse_categorical_accuracy":{"0":0.4860139787,"1":0.5716783404,"2":0.708041966,"3":0.8968531489,"4":0.9475524426,"5":0.9772727489,"6":0.9930070043,"7":0.9842657447,"8":0.9930070043,"9":1.0},"val_loss":{"0":0.6846867204,"1":0.7436724901,"2":0.6675742865,"3":0.9736818671,"4":1.1587240696,"5":1.4851357937,"6":1.6235841513,"7":1.6879365444,"8":1.73259902,"9":1.8787161112},"val_sparse_categorical_accuracy":{"0":0.5038265586,"1":0.5433673263,"2":0.6045918465,"3":0.6224489808,"4":0.616071403,"5":0.5573979616,"6":0.6466836929,"7":0.5625,"8":0.625,"9":0.6211734414}}