{"evaluation_accuracy":{"0":0.6030567884,"1":0.6030567884,"2":0.6030567884,"3":0.6030567884,"4":0.6030567884,"5":0.6030567884,"6":0.6030567884,"7":0.6030567884,"8":0.6030567884,"9":0.6030567884},"loss":{"0":0.7260270715,"1":0.6732674837,"2":0.6362926364,"3":0.4717008173,"4":0.2975820303,"5":0.2233688831,"6":0.0414911807,"7":0.0162451975,"8":0.037588723,"9":0.037519224},"sparse_categorical_accuracy":{"0":0.4737762213,"1":0.5646852851,"2":0.6538461447,"3":0.791958034,"4":0.872377634,"5":0.9195804,"6":0.9877622128,"7":0.9947552681,"8":0.9895104766,"9":0.9877622128},"val_loss":{"0":0.6684096456,"1":0.655610919,"2":0.6855556965,"3":1.0381448269,"4":0.9492561817,"5":1.0664101839,"6":1.598985672,"7":1.7992184162,"8":1.6194993258,"9":1.4212454557},"val_sparse_categorical_accuracy":{"0":0.6033163071,"1":0.5943877697,"2":0.5344387889,"3":0.5459183455,"4":0.5701530576,"5":0.6096938848,"6":0.6147959232,"7":0.6224489808,"8":0.637755096,"9":0.5739796162}}