{"evaluation_accuracy":{"0":0.6585152745,"1":0.6585152745,"2":0.6585152745,"3":0.6585152745,"4":0.6585152745,"5":0.6585152745,"6":0.6585152745,"7":0.6585152745,"8":0.6585152745,"9":0.6585152745},"loss":{"0":0.6220746636,"1":0.2734799087,"2":0.0732743293,"3":0.0358322747,"4":0.0089980541,"5":0.0356046446,"6":0.0005134406,"7":0.0002206869,"8":0.0001754227,"9":0.0001211356},"sparse_categorical_accuracy":{"0":0.6346153617,"1":0.9012237787,"2":0.980769217,"3":0.9895104766,"4":0.997377634,"5":0.9886363745,"6":1.0,"7":1.0,"8":1.0,"9":1.0},"val_loss":{"0":0.7681624889,"1":0.9107821584,"2":1.3716216087,"3":1.5894221067,"4":2.1760439873,"5":1.8274689913,"6":2.1256349087,"7":2.2054088116,"8":2.2725658417,"9":2.3281364441},"val_sparse_categorical_accuracy":{"0":0.6224489808,"1":0.5765306354,"2":0.5561224222,"3":0.6071428657,"4":0.6007652879,"5":0.6556122303,"6":0.6454081535,"7":0.6454081535,"8":0.6466836929,"9":0.6466836929}}