{"evaluation_accuracy":{"0":0.7394366264,"1":0.7394366264,"2":0.7394366264,"3":0.7394366264,"4":0.7394366264,"5":0.7394366264,"6":0.7394366264,"7":0.7394366264,"8":0.7394366264,"9":0.7394366264},"loss":{"0":0.9703004956,"1":0.7264560461,"2":0.4418570697,"3":0.2407627851,"4":0.1618543863,"5":0.0716537163,"6":0.0434766971,"7":0.0302889552,"8":0.0201779753,"9":0.0139053175},"sparse_categorical_accuracy":{"0":0.492957741,"1":0.7042253613,"2":0.9154929519,"3":0.9436619878,"4":0.9577465057,"5":1.0,"6":1.0,"7":1.0,"8":1.0,"9":1.0},"val_loss":{"0":0.7907271385,"1":0.6360031962,"2":0.6914219856,"3":0.7841728926,"4":0.8106427789,"5":0.7554472685,"6":0.8109557629,"7":0.8712671995,"8":0.9110933542,"9":0.9123479128},"val_sparse_categorical_accuracy":{"0":0.7278106213,"1":0.7573964596,"2":0.7455621362,"3":0.6863905191,"4":0.7869822383,"5":0.7869822383,"6":0.7869822383,"7":0.769230783,"8":0.7455621362,"9":0.7751479149}}