{"evaluation_accuracy":{"0":0.7429577708,"1":0.7429577708,"2":0.7429577708,"3":0.7429577708,"4":0.7429577708,"5":0.7429577708,"6":0.7429577708,"7":0.7429577708,"8":0.7429577708,"9":0.7429577708},"loss":{"0":1.0270135403,"1":0.8737787008,"2":0.6951408982,"3":0.4820122421,"4":0.328184545,"5":0.2391755283,"6":0.1518375129,"7":0.1131030098,"8":0.0486351252,"9":0.0251629502},"sparse_categorical_accuracy":{"0":0.3380281627,"1":0.5070422292,"2":0.6478873491,"3":0.8591549397,"4":0.9154929519,"5":0.9295774698,"6":0.9436619878,"7":0.9718309641,"8":1.0,"9":1.0},"val_loss":{"0":0.8697502613,"1":0.7942173481,"2":0.6828836203,"3":0.660174489,"4":1.0558130741,"5":1.0246419907,"6":1.1022846699,"7":1.0333511829,"8":1.0445184708,"9":1.0414713621},"val_sparse_categorical_accuracy":{"0":0.7278106213,"1":0.7278106213,"2":0.7514792681,"3":0.710059166,"4":0.6094674468,"5":0.7455621362,"6":0.7218934894,"7":0.7514792681,"8":0.7810651064,"9":0.7751479149}}