{"evaluation_accuracy":{"0":0.6515283585,"1":0.6515283585,"2":0.6515283585,"3":0.6515283585,"4":0.6515283585,"5":0.6515283585,"6":0.6515283585,"7":0.6515283585,"8":0.6515283585,"9":0.6515283585},"loss":{"0":0.6969802976,"1":0.6538030505,"2":0.4966780245,"3":0.2847106159,"4":0.1074803695,"5":0.0472083576,"6":0.0275954586,"7":0.0021244902,"8":0.0408400036,"9":0.1520158798},"sparse_categorical_accuracy":{"0":0.5209790468,"1":0.6031468511,"2":0.7552447319,"3":0.8933566213,"4":0.9685314894,"5":0.9860140085,"6":0.9895104766,"7":1.0,"8":0.9842657447,"9":0.9562937021},"val_loss":{"0":0.6912078261,"1":0.7019994855,"2":1.2556527853,"3":0.8784216046,"4":1.0936979055,"5":1.2095030546,"6":1.5571929216,"7":2.1507701874,"8":2.4445922375,"9":1.5754791498},"val_sparse_categorical_accuracy":{"0":0.4821428657,"1":0.4897959232,"2":0.6020408273,"3":0.575255096,"4":0.6505101919,"5":0.6466836929,"6":0.6492347121,"7":0.6390306354,"8":0.5994898081,"9":0.6390306354}}