{"evaluation_accuracy":{"0":0.5240174532,"1":0.5240174532,"2":0.5240174532,"3":0.5240174532,"4":0.5240174532,"5":0.5240174532},"loss":{"0":0.708691299,"1":0.6423133612,"2":0.5932139754,"3":0.6009955406,"4":0.698243916,"5":0.6938733459},"sparse_categorical_accuracy":{"0":0.5270978808,"1":0.6241258979,"2":0.6835664511,"3":0.6984265447,"4":0.5349650383,"5":0.5244755149},"val_loss":{"0":0.6730403304,"1":0.7929400802,"2":0.6889771223,"3":0.7866190076,"4":0.7127809525,"5":0.6801712513},"val_sparse_categorical_accuracy":{"0":0.6454081535,"1":0.5357142687,"2":0.6135203838,"3":0.3941326439,"4":0.3966836631,"5":0.5969387889}}