{"evaluation_accuracy":{"0":0.7570422292,"1":0.7570422292,"2":0.7570422292,"3":0.7570422292,"4":0.7570422292,"5":0.7570422292,"6":0.7570422292,"7":0.7570422292,"8":0.7570422292,"9":0.7570422292},"loss":{"0":0.8383104205,"1":0.3634518981,"2":0.1212062836,"3":0.0368394665,"4":0.0135482131,"5":0.006405835,"6":0.0034065146,"7":0.0025765868,"8":0.00219049,"9":0.0018620039},"sparse_categorical_accuracy":{"0":0.6267605424,"1":0.9436619878,"2":0.9577465057,"3":1.0,"4":1.0,"5":1.0,"6":1.0,"7":1.0,"8":1.0,"9":1.0},"val_loss":{"0":0.6505671144,"1":0.7354426384,"2":0.7578719854,"3":0.9252317548,"4":1.0747362375,"5":1.0041466951,"6":1.0785827637,"7":1.1151953936,"8":1.1340202093,"9":1.1611932516},"val_sparse_categorical_accuracy":{"0":0.7751479149,"1":0.7396449447,"2":0.7928994298,"3":0.7869822383,"4":0.769230783,"5":0.7869822383,"6":0.7751479149,"7":0.7810651064,"8":0.7928994298,"9":0.7928994298}}