{"evaluation_accuracy":{"0":0.6580786109,"1":0.6580786109,"2":0.6580786109,"3":0.6580786109,"4":0.6580786109,"5":0.6580786109,"6":0.6580786109,"7":0.6580786109,"8":0.6580786109,"9":0.6580786109},"loss":{"0":0.6707180738,"1":0.4012785256,"2":0.1096051559,"3":0.0476762764,"4":0.0032357075,"5":0.0427313335,"6":0.0018408215,"7":0.0003765932,"8":0.0002048119,"9":0.0001541729},"sparse_categorical_accuracy":{"0":0.5760489702,"1":0.8199300766,"2":0.9606643319,"3":0.9860140085,"4":0.9991258979,"5":0.9877622128,"6":1.0,"7":1.0,"8":1.0,"9":1.0},"val_loss":{"0":0.6391640306,"1":0.8575882912,"2":1.1643261909,"3":1.4743053913,"4":2.2400934696,"5":1.3667756319,"6":1.9489394426,"7":2.25035429,"8":2.3061897755,"9":2.3573229313},"val_sparse_categorical_accuracy":{"0":0.6224489808,"1":0.6237244606,"2":0.6352040768,"3":0.6071428657,"4":0.5943877697,"5":0.5994898081,"6":0.6403061152,"7":0.6224489808,"8":0.6237244606,"9":0.6262755394}}