{"evaluation_accuracy":{"0":0.6619718075,"1":0.6619718075,"2":0.6619718075,"3":0.6619718075,"4":0.6619718075,"5":0.6619718075,"6":0.6619718075,"7":0.6619718075,"8":0.6619718075,"9":0.6619718075},"loss":{"0":0.9039055109,"1":0.4302125573,"2":0.1104413271,"3":0.0537062138,"4":0.0341706499,"5":0.016884733,"6":0.009916476,"7":0.0045158309,"8":0.0033488437,"9":0.0023158458},"sparse_categorical_accuracy":{"0":0.5211267471,"1":0.9014084339,"2":0.950704217,"3":1.0,"4":1.0,"5":1.0,"6":1.0,"7":1.0,"8":1.0,"9":1.0},"val_loss":{"0":0.7987341285,"1":0.6884026527,"2":0.8269625306,"3":0.9348530769,"4":1.0286620855,"5":1.1839549541,"6":1.2147456408,"7":1.2418240309,"8":1.301492691,"9":1.3358902931},"val_sparse_categorical_accuracy":{"0":0.6745561957,"1":0.7573964596,"2":0.8047337532,"3":0.8047337532,"4":0.7869822383,"5":0.7337278128,"6":0.7396449447,"7":0.7633135915,"8":0.7455621362,"9":0.7455621362}}