{"evaluation_accuracy":{"0":0.6685589552,"1":0.6685589552,"2":0.6685589552,"3":0.6685589552,"4":0.6685589552,"5":0.6685589552,"6":0.6685589552,"7":0.6685589552,"8":0.6685589552,"9":0.6685589552},"loss":{"0":0.609066546,"1":0.1407185197,"2":0.0623401701,"3":0.0201231241,"4":0.0311567597,"5":0.0200725067,"6":0.0306426827,"7":0.0158422813,"8":0.0007512334,"9":0.0002060756},"sparse_categorical_accuracy":{"0":0.6389859915,"1":0.9466783404,"2":0.980769217,"3":0.9956293702,"4":0.9912587404,"5":0.9930070043,"6":0.9921328425,"7":0.9965034723,"8":1.0,"9":1.0},"val_loss":{"0":0.744389832,"1":2.4549221992,"2":1.579792738,"3":1.6933877468,"4":1.5357041359,"5":2.3209164143,"6":1.9296895266,"7":1.8205846548,"8":2.0457649231,"9":2.1657044888},"val_sparse_categorical_accuracy":{"0":0.625,"1":0.5816326737,"2":0.633928597,"3":0.6505101919,"4":0.6479591727,"5":0.5905612111,"6":0.5918367505,"7":0.6619898081,"8":0.6645408273,"9":0.6632652879}}