{"evaluation_accuracy":{"0":0.7288732529,"1":0.7288732529,"2":0.7288732529,"3":0.7288732529,"4":0.7288732529,"5":0.7288732529,"6":0.7288732529,"7":0.7288732529,"8":0.7288732529,"9":0.7288732529},"loss":{"0":0.8591154218,"1":0.4808120728,"2":0.3162168562,"3":0.2115425318,"4":0.1631578952,"5":0.0908304676,"6":0.0695950985,"7":0.0535532497,"8":0.0335041657,"9":0.0224749018},"sparse_categorical_accuracy":{"0":0.5915492773,"1":0.8521126509,"2":0.9014084339,"3":0.9295774698,"4":0.9295774698,"5":0.9577465057,"6":0.9577465057,"7":0.9788732529,"8":1.0,"9":1.0},"val_loss":{"0":0.7051092982,"1":0.6708294153,"2":0.741232574,"3":0.7396646738,"4":0.6443721652,"5":0.6977351308,"6":0.762090981,"7":0.781781435,"8":0.8118361831,"9":0.8610443473},"val_sparse_categorical_accuracy":{"0":0.7455621362,"1":0.7751479149,"2":0.7337278128,"3":0.7751479149,"4":0.7869822383,"5":0.7751479149,"6":0.7869822383,"7":0.7810651064,"8":0.7869822383,"9":0.7810651064}}