{"evaluation_accuracy":{"0":0.7429577708,"1":0.7429577708,"2":0.7429577708,"3":0.7429577708,"4":0.7429577708,"5":0.7429577708,"6":0.7429577708,"7":0.7429577708,"8":0.7429577708,"9":0.7429577708},"loss":{"0":0.9190400839,"1":0.8799481988,"2":0.8818149567,"3":0.8043389916,"4":0.6522005796,"5":0.3707997501,"6":0.1338597685,"7":0.0555531196,"8":0.0294518881,"9":0.0209661406},"sparse_categorical_accuracy":{"0":0.492957741,"1":0.5352112651,"2":0.5070422292,"3":0.6478873491,"4":0.8309859037,"5":0.8732394576,"6":0.9718309641,"7":1.0,"8":1.0,"9":1.0},"val_loss":{"0":0.779766798,"1":0.8038260341,"2":0.7876546383,"3":0.7287967205,"4":0.6146652699,"5":0.6344668865,"6":0.8613191843,"7":0.8522463441,"8":0.8822798729,"9":1.0201141834},"val_sparse_categorical_accuracy":{"0":0.7278106213,"1":0.7278106213,"2":0.7278106213,"3":0.7869822383,"4":0.7751479149,"5":0.7573964596,"6":0.7337278128,"7":0.7810651064,"8":0.7810651064,"9":0.7573964596}}