{"evaluation_accuracy":{"0":0.764084518,"1":0.764084518,"2":0.764084518,"3":0.764084518,"4":0.764084518,"5":0.764084518,"6":0.764084518,"7":0.764084518,"8":0.764084518,"9":0.764084518},"loss":{"0":0.9077795148,"1":0.6429464221,"2":0.2404911369,"3":0.1088099182,"4":0.0244750418,"5":0.0067140274,"6":0.0041345833,"7":0.0030405177,"8":0.0023819017,"9":0.0020753599},"sparse_categorical_accuracy":{"0":0.5211267471,"1":0.7605633736,"2":0.9436619878,"3":0.950704217,"4":1.0,"5":1.0,"6":1.0,"7":1.0,"8":1.0,"9":1.0},"val_loss":{"0":0.7454241514,"1":0.7188892961,"2":1.0658123493,"3":0.9335870743,"4":1.1552568674,"5":1.4721922874,"6":1.3953233957,"7":1.3877903223,"8":1.3864792585,"9":1.4037928581},"val_sparse_categorical_accuracy":{"0":0.7278106213,"1":0.7396449447,"2":0.7041420341,"3":0.769230783,"4":0.7278106213,"5":0.710059166,"6":0.7278106213,"7":0.7396449447,"8":0.7455621362,"9":0.7455621362}}