{"evaluation_accuracy":{"0":0.6725352407,"1":0.6725352407,"2":0.6725352407,"3":0.6725352407,"4":0.6725352407,"5":0.6725352407,"6":0.6725352407,"7":0.6725352407,"8":0.6725352407,"9":0.6725352407},"loss":{"0":1.0097000599,"1":0.8529897332,"2":0.7681902051,"3":0.5135101676,"4":0.208282128,"5":0.1244299039,"6":0.0664905906,"7":0.0532340072,"8":0.0358976945,"9":0.031192001},"sparse_categorical_accuracy":{"0":0.492957741,"1":0.6056337953,"2":0.6901408434,"3":0.8169013858,"4":0.9436619878,"5":0.985915482,"6":0.985915482,"7":1.0,"8":1.0,"9":1.0},"val_loss":{"0":0.7998285294,"1":0.7686160207,"2":0.9481083155,"3":0.6268792152,"4":0.6337453723,"5":0.7465538383,"6":0.8904224634,"7":0.8469427228,"8":1.0676929951,"9":1.1894935369},"val_sparse_categorical_accuracy":{"0":0.7278106213,"1":0.7278106213,"2":0.4852071106,"3":0.7514792681,"4":0.7810651064,"5":0.7633135915,"6":0.7278106213,"7":0.769230783,"8":0.769230783,"9":0.7514792681}}