{"evaluation_accuracy":{"0":0.634934485,"1":0.634934485,"2":0.634934485,"3":0.634934485,"4":0.634934485,"5":0.634934485,"6":0.634934485,"7":0.634934485,"8":0.634934485},"loss":{"0":0.6753522754,"1":0.46036461,"2":0.1967386454,"3":0.0585624799,"4":0.0014060602,"5":0.0004546641,"6":0.0407320857,"7":0.0803976655,"8":0.0432374775},"sparse_categorical_accuracy":{"0":0.583041966,"1":0.7849650383,"2":0.9309440851,"3":0.9825174809,"4":1.0,"5":1.0,"6":0.9921328425,"7":0.9720279574,"8":0.9868881106},"val_loss":{"0":0.6808612347,"1":0.8944568038,"2":1.2805868387,"3":1.8111102581,"4":1.9664087296,"5":2.1007804871,"6":1.3215255737,"7":1.2064102888,"8":1.3146190643},"val_sparse_categorical_accuracy":{"0":0.5191326737,"1":0.6607142687,"2":0.5778061152,"3":0.6224489808,"4":0.6505101919,"5":0.6466836929,"6":0.6186224222,"7":0.6645408273,"8":0.6262755394}}