{"evaluation_accuracy":{"0":0.6314410567,"1":0.6314410567,"2":0.6314410567,"3":0.6314410567,"4":0.6314410567,"5":0.6314410567,"6":0.6314410567,"7":0.6314410567,"8":0.6314410567,"9":0.6314410567},"loss":{"0":0.706224978,"1":0.6727711558,"2":0.5281446576,"3":0.2218314111,"4":0.2092130929,"5":0.0881166011,"6":0.0561336353,"7":0.0199943371,"8":0.0015893461,"9":0.0005861691},"sparse_categorical_accuracy":{"0":0.5244755149,"1":0.5821678042,"2":0.7255244851,"3":0.9108391404,"4":0.9213286638,"5":0.9737762213,"6":0.9825174809,"7":0.9947552681,"8":1.0,"9":1.0},"val_loss":{"0":0.7153080702,"1":0.7718994021,"2":0.8190018535,"3":0.9327716231,"4":1.1381928921,"5":0.9888263345,"6":1.5545893908,"7":1.7007956505,"8":1.925329566,"9":2.0200948715},"val_sparse_categorical_accuracy":{"0":0.4272959232,"1":0.3966836631,"2":0.4757653177,"3":0.6760203838,"4":0.6466836929,"5":0.6173469424,"6":0.5701530576,"7":0.5918367505,"8":0.5931122303,"9":0.5943877697}}