{"evaluation_accuracy":{"0":0.7781690359,"1":0.7781690359,"2":0.7781690359,"3":0.7781690359,"4":0.7781690359,"5":0.7781690359,"6":0.7781690359,"7":0.7781690359,"8":0.7781690359,"9":0.7781690359},"loss":{"0":0.9435817003,"1":0.7649374008,"2":0.561380744,"3":0.3559480608,"4":0.1842454523,"5":0.1248451993,"6":0.0995781571,"7":0.0927473903,"8":0.0740263388,"9":0.0712657943},"sparse_categorical_accuracy":{"0":0.5070422292,"1":0.7042253613,"2":0.8309859037,"3":0.9154929519,"4":0.9436619878,"5":0.9577465057,"6":0.9718309641,"7":0.9577465057,"8":0.9718309641,"9":0.9718309641},"val_loss":{"0":0.8508661985,"1":0.76290977,"2":0.6396976113,"3":0.6368862987,"4":0.8811959624,"5":0.7975429296,"6":0.8862804174,"7":0.9473508596,"8":1.0031654835,"9":1.0138117075},"val_sparse_categorical_accuracy":{"0":0.6035503149,"1":0.7396449447,"2":0.7573964596,"3":0.7810651064,"4":0.7337278128,"5":0.7810651064,"6":0.769230783,"7":0.7573964596,"8":0.7514792681,"9":0.7514792681}}