{"evaluation_accuracy":{"0":0.6585152745,"1":0.6585152745,"2":0.6585152745,"3":0.6585152745,"4":0.6585152745,"5":0.6585152745,"6":0.6585152745,"7":0.6585152745,"8":0.6585152745,"9":0.6585152745},"loss":{"0":0.7031648755,"1":0.5987743139,"2":0.3009738922,"3":0.1378349215,"4":0.0474161953,"5":0.0381570794,"6":0.0054158955,"7":0.0654316247,"8":0.0063133463,"9":0.0012022904},"sparse_categorical_accuracy":{"0":0.5227272511,"1":0.6958041787,"2":0.8986014128,"3":0.958041966,"4":0.9825174809,"5":0.9860140085,"6":1.0,"7":0.9860140085,"8":1.0,"9":1.0},"val_loss":{"0":0.7522466183,"1":0.7235779762,"2":1.0454126596,"3":0.9853282571,"4":1.4215244055,"5":1.6499893665,"6":1.870285511,"7":1.5155441761,"8":1.8152486086,"9":1.9461774826},"val_sparse_categorical_accuracy":{"0":0.4081632793,"1":0.5625,"2":0.5829081535,"3":0.6517857313,"4":0.5982142687,"5":0.5829081535,"6":0.6237244606,"7":0.6135203838,"8":0.6326530576,"9":0.6301020384}}