{"evaluation_accuracy":{"0":0.7394366264,"1":0.7394366264,"2":0.7394366264,"3":0.7394366264,"4":0.7394366264,"5":0.7394366264,"6":0.7394366264,"7":0.7394366264,"8":0.7394366264,"9":0.7394366264},"loss":{"0":0.942445159,"1":0.8229299188,"2":0.6033905745,"3":0.2786001861,"4":0.1048299596,"5":0.0536709428,"6":0.0204398483,"7":0.0144011686,"8":0.0080344537,"9":0.0060333661},"sparse_categorical_accuracy":{"0":0.549295783,"1":0.6197183132,"2":0.8169013858,"3":0.9295774698,"4":0.9577465057,"5":1.0,"6":1.0,"7":1.0,"8":1.0,"9":1.0},"val_loss":{"0":0.7933679819,"1":0.7499263287,"2":0.6219291687,"3":0.806843698,"4":0.7181286216,"5":0.8171759844,"6":0.9433555007,"7":1.0110347271,"8":1.0694835186,"9":1.1103938818},"val_sparse_categorical_accuracy":{"0":0.7278106213,"1":0.7751479149,"2":0.7573964596,"3":0.7337278128,"4":0.7988165617,"5":0.7928994298,"6":0.769230783,"7":0.769230783,"8":0.769230783,"9":0.7751479149}}