{"evaluation_accuracy":{"0":0.6454148293,"1":0.6454148293,"2":0.6454148293,"3":0.6454148293,"4":0.6454148293,"5":0.6454148293,"6":0.6454148293,"7":0.6454148293,"8":0.6454148293,"9":0.6454148293},"loss":{"0":0.6569283605,"1":0.3364427388,"2":0.0810630023,"3":0.0722924322,"4":0.029011894,"5":0.0014432848,"6":0.0005948818,"7":0.0003781324,"8":0.0002315181,"9":0.0001722881},"sparse_categorical_accuracy":{"0":0.608391583,"1":0.858391583,"2":0.9702796936,"3":0.9763985872,"4":0.9930070043,"5":1.0,"6":1.0,"7":1.0,"8":1.0,"9":1.0},"val_loss":{"0":0.7494404316,"1":1.2004070282,"2":1.4000858068,"3":1.580701232,"4":1.6868009567,"5":1.9816157818,"6":2.1053962708,"7":2.2982683182,"8":2.3726818562,"9":2.416465044},"val_sparse_categorical_accuracy":{"0":0.4987244904,"1":0.6096938848,"2":0.6147959232,"3":0.5739796162,"4":0.6224489808,"5":0.6211734414,"6":0.6224489808,"7":0.6211734414,"8":0.6211734414,"9":0.6262755394}}