{"evaluation_accuracy":{"0":0.6532751322,"1":0.6532751322,"2":0.6532751322,"3":0.6532751322,"4":0.6532751322,"5":0.6532751322,"6":0.6532751322,"7":0.6532751322,"8":0.6532751322,"9":0.6532751322},"loss":{"0":0.6852748394,"1":0.6110566258,"2":0.3861174285,"3":0.2050747722,"4":0.0810189843,"5":0.0939926952,"6":0.0555136763,"7":0.0421838388,"8":0.0144264633,"9":0.007852871},"sparse_categorical_accuracy":{"0":0.5437062979,"1":0.6363636255,"2":0.8426573277,"3":0.9248251915,"4":0.9772727489,"5":0.9720279574,"6":0.9842657447,"7":0.9877622128,"8":0.9965034723,"9":0.9947552681},"val_loss":{"0":0.6602577567,"1":0.7054699659,"2":1.0495798588,"3":1.325635314,"4":1.0914711952,"5":1.4409074783,"6":1.8253480196,"7":1.555822134,"8":1.8444334269,"9":2.047249794},"val_sparse_categorical_accuracy":{"0":0.5612244606,"1":0.5561224222,"2":0.5459183455,"3":0.5982142687,"4":0.6403061152,"5":0.5701530576,"6":0.6084183455,"7":0.5956632495,"8":0.5918367505,"9":0.5969387889}}