{"evaluation_accuracy":{"0":0.7429577708,"1":0.7429577708,"2":0.7429577708,"3":0.7429577708,"4":0.7429577708,"5":0.7429577708,"6":0.7429577708,"7":0.7429577708,"8":0.7429577708,"9":0.7429577708},"loss":{"0":0.9437277317,"1":0.6422972083,"2":0.2649796307,"3":0.1718766838,"4":0.0695546493,"5":0.02662904,"6":0.011277643,"7":0.0072678244,"8":0.0059905578,"9":0.0047802562},"sparse_categorical_accuracy":{"0":0.5281690359,"1":0.7746478915,"2":0.9295774698,"3":0.9436619878,"4":0.985915482,"5":1.0,"6":1.0,"7":1.0,"8":1.0,"9":1.0},"val_loss":{"0":0.7717818022,"1":0.7036954165,"2":0.6884104013,"3":0.6455290318,"4":0.7786762118,"5":0.853220582,"6":0.9156983495,"7":0.9400834441,"8":0.9702327847,"9":0.9965757132},"val_sparse_categorical_accuracy":{"0":0.7278106213,"1":0.6745561957,"2":0.7928994298,"3":0.8047337532,"4":0.7810651064,"5":0.7810651064,"6":0.7869822383,"7":0.7928994298,"8":0.7928994298,"9":0.7928994298}}