{"evaluation_accuracy":{"0":0.7288732529,"1":0.7288732529,"2":0.7288732529,"3":0.7288732529,"4":0.7288732529,"5":0.7288732529,"6":0.7288732529,"7":0.7288732529,"8":0.7288732529,"9":0.7288732529},"loss":{"0":0.9219552875,"1":0.7821875215,"2":0.5079975128,"3":0.1541634202,"4":0.0827647075,"5":0.01874521,"6":0.0088851294,"7":0.0040494204,"8":0.0029056082,"9":0.0024121425},"sparse_categorical_accuracy":{"0":0.549295783,"1":0.7042253613,"2":0.8309859037,"3":0.950704217,"4":0.9929577708,"5":1.0,"6":1.0,"7":1.0,"8":1.0,"9":1.0},"val_loss":{"0":0.7966966033,"1":0.7220766544,"2":0.5932807922,"3":0.8005581498,"4":1.1927142143,"5":1.2538126707,"6":1.3631664515,"7":1.4493142366,"8":1.4493638277,"9":1.4544662237},"val_sparse_categorical_accuracy":{"0":0.7278106213,"1":0.6863905191,"2":0.7751479149,"3":0.7869822383,"4":0.6923077106,"5":0.6863905191,"6":0.710059166,"7":0.710059166,"8":0.7159763575,"9":0.7218934894}}