{"evaluation_accuracy":{"0":0.6270742416,"1":0.6270742416,"2":0.6270742416,"3":0.6270742416,"4":0.6270742416,"5":0.6270742416,"6":0.6270742416,"7":0.6270742416,"8":0.6270742416,"9":0.6270742416},"loss":{"0":0.705088377,"1":0.7157863379,"2":0.688007772,"3":0.6696174741,"4":0.6337957382,"5":0.4486543238,"6":0.1990915239,"7":0.0759013817,"8":0.0785227418,"9":0.026598962},"sparse_categorical_accuracy":{"0":0.5,"1":0.4702797234,"2":0.5524475574,"3":0.5716783404,"4":0.6468531489,"5":0.8146852851,"6":0.9160839319,"7":0.980769217,"8":0.9790209532,"9":0.9895104766},"val_loss":{"0":0.6948906183,"1":0.7724461555,"2":0.6732396483,"3":0.6570386291,"4":0.6566611528,"5":0.7616709471,"6":1.10171628,"7":1.5374084711,"8":0.9639643431,"9":2.5197563171},"val_sparse_categorical_accuracy":{"0":0.6543367505,"1":0.3966836631,"2":0.5306122303,"3":0.5918367505,"4":0.6096938848,"5":0.616071403,"6":0.6071428657,"7":0.625,"8":0.6938775778,"9":0.5943877697}}