{"evaluation_accuracy":{"0":0.4930131137,"1":0.4930131137,"2":0.4930131137,"3":0.4930131137},"loss":{"0":0.6989123225,"1":0.7031314969,"2":0.7061008811,"3":0.7021381259},"sparse_categorical_accuracy":{"0":0.5340909362,"1":0.5008741021,"2":0.4877622426,"3":0.4860139787},"val_loss":{"0":0.6862587333,"1":0.7111701965,"2":0.6979342103,"3":0.6853893995},"val_sparse_categorical_accuracy":{"0":0.6033163071,"1":0.3966836631,"2":0.3966836631,"3":0.6033163071}}