{"evaluation_accuracy":{"0":0.6654929519,"1":0.6654929519,"2":0.6654929519,"3":0.6654929519,"4":0.6654929519,"5":0.6654929519,"6":0.6654929519,"7":0.6654929519,"8":0.6654929519,"9":0.6654929519},"loss":{"0":1.0400696993,"1":0.7657849789,"2":0.5661892891,"3":0.3878840804,"4":0.2344891131,"5":0.1944791526,"6":0.1170385554,"7":0.0540545136,"8":0.0322664678,"9":0.0184237193},"sparse_categorical_accuracy":{"0":0.3802816868,"1":0.6901408434,"2":0.8169013858,"3":0.9295774698,"4":0.9436619878,"5":0.9436619878,"6":0.9718309641,"7":1.0,"8":1.0,"9":1.0},"val_loss":{"0":0.8105123639,"1":0.7007190585,"2":0.6698087454,"3":0.6898386478,"4":0.7241774797,"5":0.7682589293,"6":0.7852262855,"7":0.8810940385,"8":0.9626150727,"9":1.0109374523},"val_sparse_categorical_accuracy":{"0":0.6982248425,"1":0.7455621362,"2":0.7337278128,"3":0.7278106213,"4":0.7928994298,"5":0.7633135915,"6":0.7514792681,"7":0.7633135915,"8":0.7633135915,"9":0.7573964596}}