{"evaluation_accuracy":{"0":0.6353712082,"1":0.6353712082,"2":0.6353712082,"3":0.6353712082,"4":0.6353712082,"5":0.6353712082,"6":0.6353712082,"7":0.6353712082,"8":0.6353712082,"9":0.6353712082},"loss":{"0":0.70591712,"1":0.6739715338,"2":0.6218935251,"3":0.4922164679,"4":0.3286510408,"5":0.2211851478,"6":0.1344059557,"7":0.14456141,"8":0.0395169556,"9":0.0210640524},"sparse_categorical_accuracy":{"0":0.5297203064,"1":0.5909090638,"2":0.6451048851,"3":0.7709790468,"4":0.858391583,"5":0.9405594468,"6":0.9632866979,"7":0.9597902298,"8":0.9912587404,"9":0.9930070043},"val_loss":{"0":0.6993757486,"1":0.6941838264,"2":0.7609924674,"3":0.7507975698,"4":0.8038686514,"5":0.9202193618,"6":1.4801009893,"7":1.1799240112,"8":1.6796586514,"9":1.8419930935},"val_sparse_categorical_accuracy":{"0":0.5051020384,"1":0.5153061152,"2":0.5829081535,"3":0.5854591727,"4":0.4413265288,"5":0.6530612111,"6":0.5918367505,"7":0.6301020384,"8":0.6326530576,"9":0.6326530576}}