{"evaluation_accuracy":{"0":0.6397379637,"1":0.6397379637,"2":0.6397379637,"3":0.6397379637,"4":0.6397379637,"5":0.6397379637,"6":0.6397379637,"7":0.6397379637,"8":0.6397379637,"9":0.6397379637},"loss":{"0":0.7012252808,"1":0.5515568256,"2":0.3216523528,"3":0.0701196566,"4":0.0540986061,"5":0.0270558838,"6":0.0497041717,"7":0.0028180529,"8":0.0005177475,"9":0.0004857993},"sparse_categorical_accuracy":{"0":0.5367133021,"1":0.7132866979,"2":0.8688811064,"3":0.9790209532,"4":0.9772727489,"5":0.9912587404,"6":0.9842657447,"7":1.0,"8":1.0,"9":1.0},"val_loss":{"0":0.6902605295,"1":0.6738619804,"2":1.0406312943,"3":1.3713245392,"4":1.7133200169,"5":1.8953388929,"6":1.463963747,"7":2.0045554638,"8":2.070556879,"9":2.1186747551},"val_sparse_categorical_accuracy":{"0":0.5688775778,"1":0.5880101919,"2":0.6007652879,"3":0.5994898081,"4":0.5956632495,"5":0.6045918465,"6":0.6237244606,"7":0.612244904,"8":0.6262755394,"9":0.6301020384}}