{"evaluation_accuracy":{"0":0.6493449807,"1":0.6493449807,"2":0.6493449807,"3":0.6493449807,"4":0.6493449807,"5":0.6493449807,"6":0.6493449807,"7":0.6493449807,"8":0.6493449807,"9":0.6493449807},"loss":{"0":0.7037361264,"1":0.6455032229,"2":0.4693016112,"3":0.1645876914,"4":0.0887405351,"5":0.0377385505,"6":0.0053226389,"7":0.0009921001,"8":0.0004193857,"9":0.0002960905},"sparse_categorical_accuracy":{"0":0.5157342553,"1":0.6311188936,"2":0.8076922894,"3":0.9458041787,"4":0.9702796936,"5":0.9842657447,"6":0.9982517362,"7":1.0,"8":1.0,"9":1.0},"val_loss":{"0":0.6812909245,"1":0.654771924,"2":0.763682723,"3":1.2260547876,"4":1.7693889141,"5":1.6413245201,"6":2.0269055367,"7":2.1746039391,"8":2.3597409725,"9":2.3808577061},"val_sparse_categorical_accuracy":{"0":0.5153061152,"1":0.6007652879,"2":0.6186224222,"3":0.6147959232,"4":0.5841836929,"5":0.6109693646,"6":0.6147959232,"7":0.6224489808,"8":0.6109693646,"9":0.6186224222}}