{"evaluation_accuracy":{"0":0.7781690359,"1":0.7781690359,"2":0.7781690359,"3":0.7781690359,"4":0.7781690359,"5":0.7781690359,"6":0.7781690359,"7":0.7781690359,"8":0.7781690359,"9":0.7781690359},"loss":{"0":0.8457271457,"1":0.5704934597,"2":0.232661128,"3":0.1096224114,"4":0.0741523653,"5":0.0345944762,"6":0.0132401995,"7":0.0089800274,"8":0.0065316735,"9":0.0054605403},"sparse_categorical_accuracy":{"0":0.5985915661,"1":0.8028169274,"2":0.9084507227,"3":0.9718309641,"4":0.9788732529,"5":1.0,"6":1.0,"7":1.0,"8":1.0,"9":1.0},"val_loss":{"0":0.6949737072,"1":0.5919867158,"2":0.6321095824,"3":0.8997225165,"4":0.7499573827,"5":0.9156879783,"6":0.9163112044,"7":0.9577896595,"8":0.9786013365,"9":1.00330019},"val_sparse_categorical_accuracy":{"0":0.7278106213,"1":0.8106508851,"2":0.7988165617,"3":0.7633135915,"4":0.8165680766,"5":0.7928994298,"6":0.7751479149,"7":0.7751479149,"8":0.7751479149,"9":0.769230783}}