{"evaluation_accuracy":{"0":0.686619699,"1":0.686619699,"2":0.686619699,"3":0.686619699,"4":0.686619699,"5":0.686619699,"6":0.686619699,"7":0.686619699,"8":0.686619699,"9":0.686619699},"loss":{"0":0.9534794688,"1":0.8657308221,"2":0.6460312605,"3":0.3999009132,"4":0.2249714732,"5":0.161565721,"6":0.1633375734,"7":0.085134536,"8":0.0460265316,"9":0.0244010594},"sparse_categorical_accuracy":{"0":0.4788732529,"1":0.563380301,"2":0.7746478915,"3":0.887323916,"4":0.9295774698,"5":0.9436619878,"6":0.9718309641,"7":0.985915482,"8":0.985915482,"9":0.985915482},"val_loss":{"0":0.8463329673,"1":0.7961273193,"2":0.6524709463,"3":0.8732694387,"4":0.811198473,"5":1.0116317272,"6":0.8501167297,"7":0.9076590538,"8":1.0434932709,"9":1.1153964996},"val_sparse_categorical_accuracy":{"0":0.7278106213,"1":0.7159763575,"2":0.7278106213,"3":0.6923077106,"4":0.7218934894,"5":0.7455621362,"6":0.7218934894,"7":0.7218934894,"8":0.7159763575,"9":0.7278106213}}