{"evaluation_accuracy":{"0":0.6593886614,"1":0.6593886614,"2":0.6593886614,"3":0.6593886614,"4":0.6593886614,"5":0.6593886614,"6":0.6593886614,"7":0.6593886614,"8":0.6593886614,"9":0.6593886614},"loss":{"0":0.6684110761,"1":0.320453018,"2":0.0690105706,"3":0.0092049008,"4":0.0007959314,"5":0.0002831376,"6":0.0001992328,"7":0.0001617996,"8":0.0001226411,"9":0.0000998484},"sparse_categorical_accuracy":{"0":0.5812937021,"1":0.8627622128,"2":0.9763985872,"3":0.9982517362,"4":1.0,"5":1.0,"6":1.0,"7":1.0,"8":1.0,"9":1.0},"val_loss":{"0":0.6679888368,"1":0.9231766462,"2":1.3777347803,"3":1.921749711,"4":2.1873002052,"5":2.3007519245,"6":2.3901548386,"7":2.4434125423,"8":2.5134456158,"9":2.5758924484},"val_sparse_categorical_accuracy":{"0":0.6045918465,"1":0.6313775778,"2":0.633928597,"3":0.6390306354,"4":0.6428571343,"5":0.637755096,"6":0.6364796162,"7":0.6403061152,"8":0.6415816545,"9":0.6390306354}}