{"evaluation_accuracy":{"0":0.7816901207,"1":0.7816901207,"2":0.7816901207,"3":0.7816901207,"4":0.7816901207,"5":0.7816901207,"6":0.7816901207,"7":0.7816901207,"8":0.7816901207,"9":0.7816901207},"loss":{"0":0.9360441566,"1":0.8196472526,"2":0.6173095107,"3":0.3309179544,"4":0.1724973768,"5":0.1415296942,"6":0.0669512153,"7":0.0447190441,"8":0.0232058838,"9":0.0162564069},"sparse_categorical_accuracy":{"0":0.5774647593,"1":0.5774647593,"2":0.8028169274,"3":0.9295774698,"4":0.9436619878,"5":0.9295774698,"6":1.0,"7":0.985915482,"8":1.0,"9":1.0},"val_loss":{"0":0.7603337169,"1":0.7724435329,"2":0.6044807434,"3":0.8528910279,"4":0.7875708342,"5":0.8131045103,"6":0.7891919017,"7":0.7416489124,"8":0.866571188,"9":0.8913597465},"val_sparse_categorical_accuracy":{"0":0.7278106213,"1":0.7337278128,"2":0.7810651064,"3":0.7514792681,"4":0.7633135915,"5":0.7633135915,"6":0.7928994298,"7":0.8165680766,"8":0.8224852085,"9":0.8224852085}}