{"evaluation_accuracy":{"0":0.735915482,"1":0.735915482,"2":0.735915482,"3":0.735915482,"4":0.735915482,"5":0.735915482,"6":0.735915482,"7":0.735915482,"8":0.735915482,"9":0.735915482},"loss":{"0":0.8926042914,"1":0.7322753072,"2":0.4427700937,"3":0.2237416953,"4":0.1304326952,"5":0.0603941008,"6":0.0409189239,"7":0.0343254469,"8":0.0241877045,"9":0.0201964639},"sparse_categorical_accuracy":{"0":0.563380301,"1":0.7605633736,"2":0.9295774698,"3":0.9436619878,"4":0.9577465057,"5":1.0,"6":1.0,"7":1.0,"8":1.0,"9":1.0},"val_loss":{"0":0.795522213,"1":0.7003881931,"2":0.5843086839,"3":0.6596157551,"4":0.748257041,"5":0.8658792973,"6":0.9488098621,"7":1.1812950373,"8":1.2135071754,"9":1.2400403023},"val_sparse_categorical_accuracy":{"0":0.710059166,"1":0.7396449447,"2":0.7988165617,"3":0.769230783,"4":0.7633135915,"5":0.7751479149,"6":0.7573964596,"7":0.6627218723,"8":0.7218934894,"9":0.7337278128}}