{"evaluation_accuracy":{"0":0.6655021906,"1":0.6655021906,"2":0.6655021906,"3":0.6655021906,"4":0.6655021906,"5":0.6655021906,"6":0.6655021906,"7":0.6655021906,"8":0.6655021906,"9":0.6655021906},"loss":{"0":0.6896111369,"1":0.5575653911,"2":0.3300882876,"3":0.1259707808,"4":0.0938166454,"5":0.0172432009,"6":0.0013820326,"7":0.0009386487,"8":0.00082241,"9":0.0003325726},"sparse_categorical_accuracy":{"0":0.5524475574,"1":0.7430070043,"2":0.8688811064,"3":0.958041966,"4":0.9737762213,"5":0.9965034723,"6":1.0,"7":1.0,"8":1.0,"9":1.0},"val_loss":{"0":0.7098549604,"1":0.7388750911,"2":1.0305911303,"3":1.3732026815,"4":1.2581003904,"5":1.7741689682,"6":1.9198144674,"7":2.121805191,"8":2.0810105801,"9":2.1666843891},"val_sparse_categorical_accuracy":{"0":0.5216836929,"1":0.6033163071,"2":0.5382652879,"3":0.6211734414,"4":0.6275510192,"5":0.6262755394,"6":0.6262755394,"7":0.6237244606,"8":0.6415816545,"9":0.6403061152}}