{"evaluation_accuracy":{"0":0.6655021906,"1":0.6655021906,"2":0.6655021906,"3":0.6655021906,"4":0.6655021906,"5":0.6655021906,"6":0.6655021906,"7":0.6655021906,"8":0.6655021906,"9":0.6655021906},"loss":{"0":0.6729515195,"1":0.3372518718,"2":0.0922645032,"3":0.0430737659,"4":0.0228519477,"5":0.0122720506,"6":0.0004239563,"7":0.0003119172,"8":0.0001884652,"9":0.0001461733},"sparse_categorical_accuracy":{"0":0.5708041787,"1":0.8767482638,"2":0.9720279574,"3":0.9851398468,"4":0.9921328425,"5":0.997377634,"6":1.0,"7":1.0,"8":1.0,"9":1.0},"val_loss":{"0":0.6689838767,"1":1.2789949179,"2":1.6202596426,"3":1.511746645,"4":2.4300327301,"5":1.9237354994,"6":2.0398077965,"7":2.1467990875,"8":2.2178516388,"9":2.2828822136},"val_sparse_categorical_accuracy":{"0":0.5548469424,"1":0.5395408273,"2":0.6186224222,"3":0.5892857313,"4":0.5739796162,"5":0.6517857313,"6":0.6517857313,"7":0.6568877697,"8":0.6543367505,"9":0.6556122303}}