{"evaluation_accuracy":{"0":0.7464788556,"1":0.7464788556,"2":0.7464788556,"3":0.7464788556,"4":0.7464788556,"5":0.7464788556,"6":0.7464788556,"7":0.7464788556,"8":0.7464788556,"9":0.7464788556},"loss":{"0":0.9104171395,"1":0.6766149402,"2":0.2115036696,"3":0.0437213294,"4":0.1090333462,"5":0.0261427686,"6":0.0066088326,"7":0.0036694694,"8":0.0024396859,"9":0.0020482},"sparse_categorical_accuracy":{"0":0.5704225302,"1":0.7042253613,"2":0.9295774698,"3":1.0,"4":0.9718309641,"5":1.0,"6":1.0,"7":1.0,"8":1.0,"9":1.0},"val_loss":{"0":0.8655622005,"1":0.6725170016,"2":0.7858173251,"3":1.0006518364,"4":1.0204401016,"5":0.952316761,"6":1.0092462301,"7":1.0725903511,"8":1.1094472408,"9":1.1321656704},"val_sparse_categorical_accuracy":{"0":0.5739644766,"1":0.7396449447,"2":0.7514792681,"3":0.7751479149,"4":0.6982248425,"5":0.7810651064,"6":0.8106508851,"7":0.7988165617,"8":0.8047337532,"9":0.8047337532}}