{"evaluation_accuracy":{"0":0.6497816443,"1":0.6497816443,"2":0.6497816443,"3":0.6497816443,"4":0.6497816443,"5":0.6497816443,"6":0.6497816443,"7":0.6497816443,"8":0.6497816443,"9":0.6497816443},"loss":{"0":0.666834116,"1":0.4417227209,"2":0.0966384709,"3":0.0306386407,"4":0.0026673838,"5":0.0003997187,"6":0.0002646351,"7":0.0001776415,"8":0.0001429044,"9":0.0337141752},"sparse_categorical_accuracy":{"0":0.5821678042,"1":0.788461566,"2":0.9720279574,"3":0.9938811064,"4":0.9991258979,"5":1.0,"6":1.0,"7":1.0,"8":1.0,"9":0.9895104766},"val_loss":{"0":0.7250665426,"1":0.8711181283,"2":1.429374814,"3":1.6862270832,"4":1.9982295036,"5":2.2143974304,"6":2.3553612232,"7":2.4298598766,"8":2.4933743477,"9":1.8553999662},"val_sparse_categorical_accuracy":{"0":0.5765306354,"1":0.6428571343,"2":0.6441326737,"3":0.637755096,"4":0.6454081535,"5":0.6288265586,"6":0.6288265586,"7":0.6313775778,"8":0.6326530576,"9":0.6045918465}}