{"evaluation_accuracy":{"0":0.6458515525,"1":0.6458515525,"2":0.6458515525,"3":0.6458515525,"4":0.6458515525,"5":0.6458515525,"6":0.6458515525,"7":0.6458515525,"8":0.6458515525,"9":0.6458515525},"loss":{"0":0.6943441033,"1":0.3556936681,"2":0.1014834419,"3":0.0256050285,"4":0.0009145594,"5":0.0003429583,"6":0.0001972135,"7":0.0001715601,"8":0.0001150768,"9":0.0000945053},"sparse_categorical_accuracy":{"0":0.541958034,"1":0.8391608596,"2":0.9676573277,"3":0.9947552681,"4":1.0,"5":1.0,"6":1.0,"7":1.0,"8":1.0,"9":1.0},"val_loss":{"0":0.6884102821,"1":1.0555342436,"2":1.4250574112,"3":1.7992229462,"4":2.1694459915,"5":2.311668396,"6":2.4002523422,"7":2.4794645309,"8":2.5397627354,"9":2.602560997},"val_sparse_categorical_accuracy":{"0":0.5880101919,"1":0.6211734414,"2":0.6186224222,"3":0.5943877697,"4":0.5943877697,"5":0.5918367505,"6":0.5918367505,"7":0.6058673263,"8":0.6033163071,"9":0.6033163071}}