{"evaluation_accuracy":{"0":0.7605633736,"1":0.7605633736,"2":0.7605633736,"3":0.7605633736,"4":0.7605633736,"5":0.7605633736,"6":0.7605633736,"7":0.7605633736,"8":0.7605633736,"9":0.7605633736},"loss":{"0":0.9018672705,"1":0.5138882995,"2":0.3237364292,"3":0.1440966874,"4":0.0262547508,"5":0.0108633367,"6":0.0057362202,"7":0.0039291717,"8":0.0029856127,"9":0.0023670013},"sparse_categorical_accuracy":{"0":0.5422534943,"1":0.9225352407,"2":0.9014084339,"3":0.9577465057,"4":1.0,"5":1.0,"6":1.0,"7":1.0,"8":1.0,"9":1.0},"val_loss":{"0":0.7401176095,"1":0.7579612136,"2":0.7547912002,"3":0.7194769382,"4":0.9669772983,"5":0.9615267515,"6":1.0316689014,"7":1.0787675381,"8":1.1230068207,"9":1.1561231613},"val_sparse_categorical_accuracy":{"0":0.7810651064,"1":0.7337278128,"2":0.7278106213,"3":0.8047337532,"4":0.7810651064,"5":0.7869822383,"6":0.7928994298,"7":0.7988165617,"8":0.7988165617,"9":0.7869822383}}