{"evaluation_accuracy":{"0":0.735915482,"1":0.735915482,"2":0.735915482,"3":0.735915482,"4":0.735915482,"5":0.735915482,"6":0.735915482,"7":0.735915482,"8":0.735915482,"9":0.735915482},"loss":{"0":0.9912378192,"1":0.8128751516,"2":0.6180630922,"3":0.4074923694,"4":0.2466701418,"5":0.1677452028,"6":0.185104847,"7":0.0748973414,"8":0.0482118465,"9":0.0238208529},"sparse_categorical_accuracy":{"0":0.450704217,"1":0.6760563254,"2":0.8028169274,"3":0.887323916,"4":0.9436619878,"5":0.9295774698,"6":0.9577465057,"7":0.9718309641,"8":1.0,"9":1.0},"val_loss":{"0":0.7961320281,"1":0.7394585013,"2":0.6860694289,"3":0.6486107111,"4":0.6536641121,"5":0.8244311213,"6":0.7062478662,"7":0.8965412378,"8":1.0213056803,"9":1.0759843588},"val_sparse_categorical_accuracy":{"0":0.7278106213,"1":0.6745561957,"2":0.6863905191,"3":0.7396449447,"4":0.7751479149,"5":0.710059166,"6":0.7573964596,"7":0.769230783,"8":0.7337278128,"9":0.7514792681}}