{"evaluation_accuracy":{"0":0.6139737964,"1":0.6139737964,"2":0.6139737964,"3":0.6139737964,"4":0.6139737964,"5":0.6139737964,"6":0.6139737964,"7":0.6139737964,"8":0.6139737964,"9":0.6139737964},"loss":{"0":0.7080476284,"1":0.6926152706,"2":0.6630721092,"3":0.558593154,"4":0.3120192289,"5":0.136017099,"6":0.0331341028,"7":0.0219472256,"8":0.0319140553,"9":0.0241024364},"sparse_categorical_accuracy":{"0":0.5034965277,"1":0.5664335489,"2":0.5839160681,"3":0.7220279574,"4":0.8706293702,"5":0.9458041787,"6":0.9895104766,"7":0.9912587404,"8":0.9912587404,"9":0.9912587404},"val_loss":{"0":0.6959406137,"1":0.6901894212,"2":0.6968492866,"3":0.7457253337,"4":0.9250770211,"5":1.3118280172,"6":1.5109511614,"7":1.598864913,"8":1.4851876497,"9":1.9235342741},"val_sparse_categorical_accuracy":{"0":0.5038265586,"1":0.5841836929,"2":0.5408163071,"3":0.5663265586,"4":0.5969387889,"5":0.5905612111,"6":0.6071428657,"7":0.6224489808,"8":0.6198979616,"9":0.5625}}