{"evaluation_accuracy":{"0":0.6314410567,"1":0.6314410567,"2":0.6314410567,"3":0.6314410567,"4":0.6314410567,"5":0.6314410567,"6":0.6314410567,"7":0.6314410567,"8":0.6314410567,"9":0.6314410567},"loss":{"0":0.6236608624,"1":0.1984894574,"2":0.0553620532,"3":0.0394480899,"4":0.0157302301,"5":0.0006732128,"6":0.0004314601,"7":0.0480847098,"8":0.0172119755,"9":0.0201279297},"sparse_categorical_accuracy":{"0":0.6354895234,"1":0.9326922894,"2":0.980769217,"3":0.9895104766,"4":0.9956293702,"5":1.0,"6":1.0,"7":0.9851398468,"8":0.9947552681,"9":0.9947552681},"val_loss":{"0":0.7936143875,"1":1.5511220694,"2":1.5755472183,"3":1.4394878149,"4":1.8032286167,"5":1.9702321291,"6":2.2712798119,"7":2.0539517403,"8":2.1902310848,"9":1.8268116713},"val_sparse_categorical_accuracy":{"0":0.5969387889,"1":0.5727040768,"2":0.6760203838,"3":0.6211734414,"4":0.6364796162,"5":0.6326530576,"6":0.6058673263,"7":0.5841836929,"8":0.5867347121,"9":0.5994898081}}