{"evaluation_accuracy":{"0":0.6554585099,"1":0.6554585099,"2":0.6554585099,"3":0.6554585099,"4":0.6554585099,"5":0.6554585099,"6":0.6554585099,"7":0.6554585099,"8":0.6554585099,"9":0.6554585099},"loss":{"0":0.7043525577,"1":0.6396257877,"2":0.3529126048,"3":0.0738194361,"4":0.0542345829,"5":0.0197777208,"6":0.0212006979,"7":0.0005412232,"8":0.0002310377,"9":0.0001766682},"sparse_categorical_accuracy":{"0":0.5061188936,"1":0.6153846383,"2":0.8548951149,"3":0.9755244851,"4":0.980769217,"5":0.9956293702,"6":0.9912587404,"7":1.0,"8":1.0,"9":1.0},"val_loss":{"0":0.7179545164,"1":0.7386948466,"2":1.3937323093,"3":1.5841886997,"4":1.6092436314,"5":1.9432343245,"6":1.8560529947,"7":2.4084050655,"8":2.3788499832,"9":2.4882338047},"val_sparse_categorical_accuracy":{"0":0.4948979616,"1":0.616071403,"2":0.5994898081,"3":0.6173469424,"4":0.6198979616,"5":0.6275510192,"6":0.6084183455,"7":0.5943877697,"8":0.6084183455,"9":0.6033163071}}