{"evaluation_accuracy":{"0":0.4930131137,"1":0.4930131137,"2":0.4930131137,"3":0.4930131137},"loss":{"0":0.6852079034,"1":0.6938263774,"2":0.7005153894,"3":0.6942924857},"sparse_categorical_accuracy":{"0":0.5559440851,"1":0.5218531489,"2":0.5069929957,"3":0.5218531489},"val_loss":{"0":0.7151619792,"1":0.6608059406,"2":0.6908630729,"3":0.6757740378},"val_sparse_categorical_accuracy":{"0":0.3966836631,"1":0.6033163071,"2":0.6033163071,"3":0.6033163071}}