{"evaluation_accuracy":{"0":0.7042253613,"1":0.7042253613,"2":0.7042253613,"3":0.7042253613,"4":0.7042253613,"5":0.7042253613,"6":0.7042253613,"7":0.7042253613,"8":0.7042253613,"9":0.7042253613},"loss":{"0":0.9228109717,"1":0.7942512631,"2":0.5751824975,"3":0.3249297738,"4":0.1725243032,"5":0.2150827795,"6":0.0636983812,"7":0.0491702966,"8":0.0513847657,"9":0.2654543221},"sparse_categorical_accuracy":{"0":0.5352112651,"1":0.6056337953,"2":0.8169013858,"3":0.9295774698,"4":0.9436619878,"5":0.9295774698,"6":0.985915482,"7":1.0,"8":0.985915482,"9":0.9014084339},"val_loss":{"0":0.7999404669,"1":0.7155788541,"2":0.7371778488,"3":0.6833059788,"4":1.2378835678,"5":0.8516386151,"6":0.9259396791,"7":1.6764423847,"8":1.1245164871,"9":1.5798296928},"val_sparse_categorical_accuracy":{"0":0.7278106213,"1":0.7337278128,"2":0.7041420341,"3":0.7751479149,"4":0.6686390638,"5":0.7514792681,"6":0.7396449447,"7":0.6390532255,"8":0.7514792681,"9":0.5857988}}