{"evaluation_accuracy":{"0":0.7253521085,"1":0.7253521085,"2":0.7253521085,"3":0.7253521085,"4":0.7253521085,"5":0.7253521085,"6":0.7253521085,"7":0.7253521085},"loss":{"0":0.8443405628,"1":0.5011812449,"2":0.2262895405,"3":0.0997862816,"4":0.0368334688,"5":0.118535541,"6":0.0636109784,"7":0.0496570021},"sparse_categorical_accuracy":{"0":0.5845070481,"1":0.887323916,"2":0.936619699,"3":0.9577465057,"4":0.9929577708,"5":0.9647887349,"6":0.9788732529,"7":0.9929577708},"val_loss":{"0":0.7444855571,"1":0.6832414269,"2":0.8153235912,"3":0.8696488738,"4":1.0323801041,"5":0.9198348522,"6":1.1218059063,"7":1.2068810463},"val_sparse_categorical_accuracy":{"0":0.7278106213,"1":0.7633135915,"2":0.6568047404,"3":0.7988165617,"4":0.710059166,"5":0.7573964596,"6":0.7396449447,"7":0.7159763575}}