{"evaluation_accuracy":{"0":0.7288732529,"1":0.7288732529,"2":0.7288732529,"3":0.7288732529,"4":0.7288732529,"5":0.7288732529,"6":0.7288732529,"7":0.7288732529,"8":0.7288732529,"9":0.7288732529},"loss":{"0":1.0101058483,"1":0.8461546302,"2":0.7645969391,"3":0.5903977752,"4":0.2933212519,"5":0.1182333305,"6":0.0707562938,"7":0.0477023982,"8":0.0342882797,"9":0.0282265879},"sparse_categorical_accuracy":{"0":0.3661971688,"1":0.5352112651,"2":0.7042253613,"3":0.7746478915,"4":0.9295774698,"5":0.9577465057,"6":1.0,"7":1.0,"8":1.0,"9":1.0},"val_loss":{"0":0.8097088933,"1":0.752885282,"2":0.6729314327,"3":0.6305997968,"4":0.6663816571,"5":0.7306995988,"6":0.9120824933,"7":0.8673532009,"8":0.9743704796,"9":1.0643877983},"val_sparse_categorical_accuracy":{"0":0.7278106213,"1":0.7337278128,"2":0.7396449447,"3":0.7988165617,"4":0.7573964596,"5":0.769230783,"6":0.7278106213,"7":0.769230783,"8":0.7455621362,"9":0.7455621362}}