{"evaluation_accuracy":{"0":0.75,"1":0.75,"2":0.75,"3":0.75,"4":0.75,"5":0.75,"6":0.75,"7":0.75,"8":0.75,"9":0.75},"loss":{"0":0.9105172753,"1":0.638127923,"2":0.2299469709,"3":0.0580431297,"4":0.0096552353,"5":0.0049300012,"6":0.0032671774,"7":0.0027288152,"8":0.0021717791,"9":0.0019025308},"sparse_categorical_accuracy":{"0":0.549295783,"1":0.7676056623,"2":0.9295774698,"3":0.9929577708,"4":1.0,"5":1.0,"6":1.0,"7":1.0,"8":1.0,"9":1.0},"val_loss":{"0":0.8019737005,"1":0.7052189708,"2":0.6624165177,"3":0.8708441854,"4":0.915610671,"5":0.9824656844,"6":0.9974996448,"7":1.0370038748,"8":1.064394474,"9":1.089827776},"val_sparse_categorical_accuracy":{"0":0.7337278128,"1":0.710059166,"2":0.7869822383,"3":0.7751479149,"4":0.769230783,"5":0.7633135915,"6":0.7751479149,"7":0.7751479149,"8":0.7751479149,"9":0.7751479149}}