{"evaluation_accuracy":{"0":0.6619718075,"1":0.6619718075,"2":0.6619718075,"3":0.6619718075,"4":0.6619718075,"5":0.6619718075,"6":0.6619718075,"7":0.6619718075,"8":0.6619718075,"9":0.6619718075},"loss":{"0":0.858037591,"1":0.5369672775,"2":0.2601149678,"3":0.1450438797,"4":0.0361152701,"5":0.010337187,"6":0.0046675899,"7":0.0029741724,"8":0.0023403743,"9":0.0019065628},"sparse_categorical_accuracy":{"0":0.5704225302,"1":0.8239436746,"2":0.9154929519,"3":0.950704217,"4":1.0,"5":1.0,"6":1.0,"7":1.0,"8":1.0,"9":1.0},"val_loss":{"0":0.7634881139,"1":0.7383282781,"2":1.01285851,"3":1.0137119293,"4":1.178278327,"5":1.3818546534,"6":1.5166829824,"7":1.5751236677,"8":1.6001238823,"9":1.6211495399},"val_sparse_categorical_accuracy":{"0":0.6331360936,"1":0.7514792681,"2":0.6686390638,"3":0.6508875489,"4":0.6863905191,"5":0.6804733872,"6":0.6804733872,"7":0.6863905191,"8":0.6923077106,"9":0.6923077106}}