{"evaluation_accuracy":{"0":0.5069869161,"1":0.5069869161,"2":0.5069869161,"3":0.5069869161,"4":0.5069869161,"5":0.5069869161},"loss":{"0":0.7132174373,"1":0.7049325109,"2":0.7045267224,"3":0.7128000259,"4":0.7091813684,"5":0.7067140937},"sparse_categorical_accuracy":{"0":0.4912587404,"1":0.5,"2":0.4912587404,"3":0.4965035021,"4":0.5122377872,"5":0.5},"val_loss":{"0":0.6716874838,"1":0.6883507371,"2":0.6755166054,"3":0.6954020858,"4":0.6940351129,"5":0.7086120844},"val_sparse_categorical_accuracy":{"0":0.6033163071,"1":0.6033163071,"2":0.6033163071,"3":0.3966836631,"4":0.3966836631,"5":0.3966836631}}