{"evaluation_accuracy":{"0":0.7429577708,"1":0.7429577708,"2":0.7429577708,"3":0.7429577708,"4":0.7429577708,"5":0.7429577708,"6":0.7429577708,"7":0.7429577708,"8":0.7429577708},"loss":{"0":0.909779489,"1":0.7326880097,"2":0.5251107216,"3":0.2433979213,"4":0.1389094293,"5":0.060958948,"6":0.32430619,"7":0.1078534573,"8":0.0683095306},"sparse_categorical_accuracy":{"0":0.5281690359,"1":0.7112675905,"2":0.8169013858,"3":0.9436619878,"4":0.9718309641,"5":0.9929577708,"6":0.9014084339,"7":0.9718309641,"8":0.985915482},"val_loss":{"0":0.7359402776,"1":0.9628776908,"2":0.6822311282,"3":0.9873718619,"4":0.9080841541,"5":1.1772327423,"6":0.7655566335,"7":1.2238693237,"8":0.9715960622},"val_sparse_categorical_accuracy":{"0":0.7278106213,"1":0.5088757277,"2":0.7337278128,"3":0.769230783,"4":0.7928994298,"5":0.710059166,"6":0.6153846383,"7":0.6627218723,"8":0.7573964596}}