{"evaluation_accuracy":{"0":0.6471615434,"1":0.6471615434,"2":0.6471615434,"3":0.6471615434,"4":0.6471615434,"5":0.6471615434,"6":0.6471615434,"7":0.6471615434,"8":0.6471615434,"9":0.6471615434},"loss":{"0":0.7102285624,"1":0.672079742,"2":0.4651398659,"3":0.1775115132,"4":0.0469902754,"5":0.0429231077,"6":0.0262022894,"7":0.0156705007,"8":0.0547026806,"9":0.0263715424},"sparse_categorical_accuracy":{"0":0.5017482638,"1":0.5996503234,"2":0.8024475574,"3":0.9440559149,"4":0.9895104766,"5":0.9860140085,"6":0.9895104766,"7":0.9930070043,"8":0.9842657447,"9":0.9930070043},"val_loss":{"0":0.7134918571,"1":0.6586636901,"2":0.8838467002,"3":1.3507964611,"4":1.6363886595,"5":1.763728857,"6":1.7583292723,"7":1.9623394012,"8":2.0281529427,"9":1.7451176643},"val_sparse_categorical_accuracy":{"0":0.3966836631,"1":0.5969387889,"2":0.6096938848,"3":0.5344387889,"4":0.6198979616,"5":0.5867347121,"6":0.6505101919,"7":0.5803571343,"8":0.6428571343,"9":0.6135203838}}