{"evaluation_accuracy":{"0":0.5069869161,"1":0.5069869161,"2":0.5069869161,"3":0.5069869161,"4":0.5069869161,"5":0.5069869161},"loss":{"0":0.7015978098,"1":0.7053085566,"2":0.6954559088,"3":0.7031253576,"4":0.7061257958,"5":0.7033148408},"sparse_categorical_accuracy":{"0":0.5174825191,"1":0.516608417,"2":0.5262237787,"3":0.5061188936,"4":0.4912587404,"5":0.5},"val_loss":{"0":0.7212200761,"1":0.6816877127,"2":0.6983087659,"3":0.6922482252,"4":0.6876993179,"5":0.7039706111},"val_sparse_categorical_accuracy":{"0":0.5331632495,"1":0.6033163071,"2":0.3966836631,"3":0.6033163071,"4":0.6033163071,"5":0.3966836631}}