{"evaluation_accuracy":{"0":0.7535211444,"1":0.7535211444,"2":0.7535211444,"3":0.7535211444,"4":0.7535211444,"5":0.7535211444,"6":0.7535211444,"7":0.7535211444,"8":0.7535211444,"9":0.7535211444},"loss":{"0":0.9880458117,"1":0.8466981649,"2":0.6787700057,"3":0.4144895077,"4":0.3099749684,"5":0.2426403761,"6":0.1903189719,"7":0.1100138351,"8":0.072990939,"9":0.0439203307},"sparse_categorical_accuracy":{"0":0.4647887349,"1":0.563380301,"2":0.7464788556,"3":0.9295774698,"4":0.9295774698,"5":0.9295774698,"6":0.9295774698,"7":0.9436619878,"8":0.985915482,"9":1.0},"val_loss":{"0":0.8580237627,"1":0.7313508391,"2":0.6519295573,"3":0.5899184346,"4":0.6765719056,"5":0.8123316765,"6":0.6518274546,"7":0.9479023218,"8":0.9113662243,"9":0.8880826235},"val_sparse_categorical_accuracy":{"0":0.7278106213,"1":0.7455621362,"2":0.769230783,"3":0.7928994298,"4":0.7810651064,"5":0.7514792681,"6":0.7633135915,"7":0.769230783,"8":0.7573964596,"9":0.7218934894}}