{"evaluation_accuracy":{"0":0.7183098793,"1":0.7183098793,"2":0.7183098793,"3":0.7183098793,"4":0.7183098793,"5":0.7183098793,"6":0.7183098793,"7":0.7183098793,"8":0.7183098793,"9":0.7183098793},"loss":{"0":0.9735443592,"1":0.8286020756,"2":0.4099035561,"3":0.1668982655,"4":0.0498455763,"5":0.0254905671,"6":0.0197330117,"7":0.0140506411,"8":0.0118752383,"9":0.0093264794},"sparse_categorical_accuracy":{"0":0.4647887349,"1":0.5704225302,"2":0.887323916,"3":0.9718309641,"4":1.0,"5":1.0,"6":1.0,"7":1.0,"8":1.0,"9":1.0},"val_loss":{"0":0.7313886285,"1":0.6796985865,"2":0.8309217095,"3":1.4247970581,"4":1.0627714396,"5":1.2850887775,"6":1.2716599703,"7":1.3255443573,"8":1.3484221697,"9":1.3842635155},"val_sparse_categorical_accuracy":{"0":0.7278106213,"1":0.7573964596,"2":0.7278106213,"3":0.6035503149,"4":0.7633135915,"5":0.7337278128,"6":0.7396449447,"7":0.7455621362,"8":0.7396449447,"9":0.7396449447}}