{"evaluation_accuracy":{"0":0.6901408434,"1":0.6901408434,"2":0.6901408434,"3":0.6901408434,"4":0.6901408434,"5":0.6901408434,"6":0.6901408434,"7":0.6901408434,"8":0.6901408434,"9":0.6901408434},"loss":{"0":0.9107368588,"1":0.7026806474,"2":0.2984538376,"3":0.0993573293,"4":0.0661688223,"5":0.0467787273,"6":0.0319440328,"7":0.0285958275,"8":0.0194111504,"9":0.0158178769},"sparse_categorical_accuracy":{"0":0.549295783,"1":0.7323943377,"2":0.8943662047,"3":0.950704217,"4":0.9788732529,"5":1.0,"6":1.0,"7":1.0,"8":1.0,"9":1.0},"val_loss":{"0":0.7413740158,"1":0.6350436211,"2":0.7137301564,"3":0.8654671311,"4":0.9492945671,"5":0.9936498404,"6":1.0466544628,"7":1.0609858036,"8":1.0850299597,"9":1.0946677923},"val_sparse_categorical_accuracy":{"0":0.7278106213,"1":0.7633135915,"2":0.769230783,"3":0.7810651064,"4":0.7869822383,"5":0.7928994298,"6":0.7869822383,"7":0.7810651064,"8":0.7869822383,"9":0.7988165617}}