{"evaluation_accuracy":{"0":0.6480349302,"1":0.6480349302,"2":0.6480349302,"3":0.6480349302,"4":0.6480349302,"5":0.6480349302,"6":0.6480349302,"7":0.6480349302,"8":0.6480349302,"9":0.6480349302},"loss":{"0":0.6295058131,"1":0.2561213672,"2":0.0384161472,"3":0.0051605608,"4":0.0320303887,"5":0.0202806424,"6":0.0012053978,"7":0.0001964863,"8":0.0001062732,"9":0.0000765114},"sparse_categorical_accuracy":{"0":0.6486014128,"1":0.9038461447,"2":0.9877622128,"3":1.0,"4":0.9903846383,"5":0.9947552681,"6":1.0,"7":1.0,"8":1.0,"9":1.0},"val_loss":{"0":0.7585774064,"1":1.0419028997,"2":1.6473927498,"3":2.4349992275,"4":1.8287146091,"5":1.5798325539,"6":2.5492551327,"7":2.7786922455,"8":2.7442920208,"9":2.7686758041},"val_sparse_categorical_accuracy":{"0":0.5510203838,"1":0.6173469424,"2":0.6058673263,"3":0.6084183455,"4":0.6135203838,"5":0.6441326737,"6":0.5905612111,"7":0.5867347121,"8":0.5969387889,"9":0.6045918465}}