{"evaluation_accuracy":{"0":0.6475982666,"1":0.6475982666,"2":0.6475982666,"3":0.6475982666,"4":0.6475982666,"5":0.6475982666,"6":0.6475982666,"7":0.6475982666,"8":0.6475982666,"9":0.6475982666},"loss":{"0":0.6559895873,"1":0.2745151222,"2":0.0902740732,"3":0.0328894109,"4":0.0010105957,"5":0.0010941614,"6":0.0004077778,"7":0.0002633203,"8":0.0002188546,"9":0.0001810081},"sparse_categorical_accuracy":{"0":0.6127622128,"1":0.8959790468,"2":0.9676573277,"3":0.9895104766,"4":1.0,"5":1.0,"6":1.0,"7":1.0,"8":1.0,"9":1.0},"val_loss":{"0":0.6906090379,"1":1.1562430859,"2":1.4656412601,"3":1.8784643412,"4":2.1287784576,"5":2.3076016903,"6":2.4454133511,"7":2.5058465004,"8":2.567738533,"9":2.6191179752},"val_sparse_categorical_accuracy":{"0":0.6262755394,"1":0.616071403,"2":0.6045918465,"3":0.6007652879,"4":0.612244904,"5":0.637755096,"6":0.6198979616,"7":0.6224489808,"8":0.6211734414,"9":0.6211734414}}