{"evaluation_accuracy":{"0":0.5069869161,"1":0.5069869161,"2":0.5069869161,"3":0.5069869161,"4":0.5069869161,"5":0.5069869161,"6":0.5069869161},"loss":{"0":0.7080978155,"1":0.7002287507,"2":0.6931074858,"3":0.6320996881,"4":0.6892698407,"5":0.7055361867,"6":0.7033406496},"sparse_categorical_accuracy":{"0":0.5122377872,"1":0.5069929957,"2":0.5506992936,"3":0.6503496766,"4":0.5375874043,"5":0.5061188936,"6":0.4868881106},"val_loss":{"0":0.6958768964,"1":0.6964467168,"2":0.7044742107,"3":0.6577516794,"4":0.6803680062,"5":0.691496551,"6":0.7297388911},"val_sparse_categorical_accuracy":{"0":0.6033163071,"1":0.4923469424,"2":0.4808673561,"3":0.6058673263,"4":0.6033163071,"5":0.6033163071,"6":0.3966836631}}