{"evaluation_accuracy":{"0":0.7746478915,"1":0.7746478915,"2":0.7746478915,"3":0.7746478915,"4":0.7746478915,"5":0.7746478915,"6":0.7746478915,"7":0.7746478915,"8":0.7746478915,"9":0.7746478915},"loss":{"0":0.9689751267,"1":0.8474676013,"2":0.8481040001,"3":0.6424252391,"4":0.3157034814,"5":0.2054591179,"6":0.1304770112,"7":0.1052215844,"8":0.2285648137,"9":0.0692515895},"sparse_categorical_accuracy":{"0":0.450704217,"1":0.549295783,"2":0.5915492773,"3":0.8169013858,"4":0.9436619878,"5":0.9436619878,"6":0.9436619878,"7":0.9436619878,"8":0.9436619878,"9":1.0},"val_loss":{"0":0.7976138592,"1":0.8066306114,"2":0.7890370488,"3":0.613764286,"4":0.7639321089,"5":0.6894296408,"6":0.9156929255,"7":1.0182131529,"8":1.2745229006,"9":0.8838778138},"val_sparse_categorical_accuracy":{"0":0.7278106213,"1":0.7278106213,"2":0.7455621362,"3":0.8047337532,"4":0.710059166,"5":0.8106508851,"6":0.7396449447,"7":0.7573964596,"8":0.644970417,"9":0.7869822383}}