{"evaluation_accuracy":{"0":0.6901408434,"1":0.6901408434,"2":0.6901408434,"3":0.6901408434,"4":0.6901408434,"5":0.6901408434,"6":0.6901408434,"7":0.6901408434,"8":0.6901408434,"9":0.6901408434},"loss":{"0":0.8887414932,"1":0.4795700312,"2":0.2089593858,"3":0.1285334677,"4":0.0780809298,"5":0.0401564166,"6":0.0293147974,"7":0.0179091394,"8":0.0142872045,"9":0.013169799},"sparse_categorical_accuracy":{"0":0.5845070481,"1":0.8943662047,"2":0.936619699,"3":0.9436619878,"4":0.9788732529,"5":0.9929577708,"6":1.0,"7":1.0,"8":1.0,"9":1.0},"val_loss":{"0":0.6955436468,"1":0.6937939525,"2":0.9241585732,"3":0.7468585372,"4":1.0022653341,"5":0.9994217157,"6":0.9553081989,"7":1.0308033228,"8":1.0676218271,"9":1.2309055328},"val_sparse_categorical_accuracy":{"0":0.7810651064,"1":0.769230783,"2":0.7455621362,"3":0.7810651064,"4":0.7514792681,"5":0.7633135915,"6":0.7869822383,"7":0.7928994298,"8":0.7810651064,"9":0.7514792681}}