{"evaluation_accuracy":{"0":0.6183406115,"1":0.6183406115,"2":0.6183406115,"3":0.6183406115,"4":0.6183406115,"5":0.6183406115,"6":0.6183406115,"7":0.6183406115,"8":0.6183406115},"loss":{"0":0.6475816965,"1":0.3195430338,"2":0.0713886768,"3":0.0272436049,"4":0.0021542108,"5":0.0004608876,"6":0.0004705516,"7":0.0214543007,"8":0.1930000335},"sparse_categorical_accuracy":{"0":0.5970279574,"1":0.875,"2":0.9763985872,"3":0.9877622128,"4":1.0,"5":1.0,"6":1.0,"7":0.9956293702,"8":0.9283216596},"val_loss":{"0":0.7422840595,"1":0.8862762451,"2":1.4884943962,"3":1.7815294266,"4":2.0448725224,"5":2.1957573891,"6":2.2819392681,"7":1.7022533417,"8":1.1174310446},"val_sparse_categorical_accuracy":{"0":0.5408163071,"1":0.6237244606,"2":0.5982142687,"3":0.6262755394,"4":0.637755096,"5":0.6364796162,"6":0.637755096,"7":0.6441326737,"8":0.6364796162}}