{"evaluation_accuracy":{"0":0.7323943377,"1":0.7323943377,"2":0.7323943377,"3":0.7323943377,"4":0.7323943377,"5":0.7323943377,"6":0.7323943377,"7":0.7323943377,"8":0.7323943377,"9":0.7323943377},"loss":{"0":1.0009921789,"1":0.8403173685,"2":0.7081472874,"3":0.4388534129,"4":0.2340902388,"5":0.1296662241,"6":0.0636637807,"7":0.0493677482,"8":0.0339740217,"9":0.0273262858},"sparse_categorical_accuracy":{"0":0.5211267471,"1":0.6056337953,"2":0.7183098793,"3":0.8732394576,"4":0.9436619878,"5":0.9436619878,"6":0.985915482,"7":1.0,"8":1.0,"9":1.0},"val_loss":{"0":0.7863685489,"1":0.7820450068,"2":0.8291080594,"3":0.7556095719,"4":0.7016847134,"5":0.9930951595,"6":0.9471272826,"7":1.0134105682,"8":1.090482235,"9":1.1579813957},"val_sparse_categorical_accuracy":{"0":0.7278106213,"1":0.7278106213,"2":0.6331360936,"3":0.710059166,"4":0.7928994298,"5":0.7514792681,"6":0.7514792681,"7":0.7573964596,"8":0.7514792681,"9":0.7396449447}}