{"evaluation_accuracy":{"0":0.75,"1":0.75,"2":0.75,"3":0.75,"4":0.75,"5":0.75,"6":0.75,"7":0.75,"8":0.75,"9":0.75},"loss":{"0":0.9604024887,"1":0.5132074952,"2":0.2862233222,"3":0.0995022431,"4":0.0304533727,"5":0.0127511881,"6":0.0046035373,"7":0.0034840659,"8":0.0027647256,"9":0.0023845485},"sparse_categorical_accuracy":{"0":0.5211267471,"1":0.8169013858,"2":0.9084507227,"3":0.950704217,"4":1.0,"5":1.0,"6":1.0,"7":1.0,"8":1.0,"9":1.0},"val_loss":{"0":1.0015372038,"1":0.6789592505,"2":0.7563381791,"3":1.1874555349,"4":1.2281765938,"5":1.3258217573,"6":1.3784970045,"7":1.4285056591,"8":1.4674371481,"9":1.4984080791},"val_sparse_categorical_accuracy":{"0":0.4852071106,"1":0.7633135915,"2":0.7455621362,"3":0.7159763575,"4":0.7218934894,"5":0.7278106213,"6":0.7337278128,"7":0.7278106213,"8":0.7278106213,"9":0.7278106213}}