{"evaluation_accuracy":{"0":0.686619699,"1":0.686619699,"2":0.686619699,"3":0.686619699,"4":0.686619699,"5":0.686619699,"6":0.686619699,"7":0.686619699,"8":0.686619699,"9":0.686619699},"loss":{"0":0.9133201838,"1":0.8467448354,"2":0.7413728833,"3":0.5415757298,"4":0.2856221795,"5":0.1760289371,"6":0.0963657424,"7":0.0669019893,"8":0.0468306169,"9":0.024938073},"sparse_categorical_accuracy":{"0":0.5211267471,"1":0.5774647593,"2":0.6760563254,"3":0.9154929519,"4":0.9436619878,"5":0.9436619878,"6":0.9718309641,"7":1.0,"8":1.0,"9":1.0},"val_loss":{"0":0.7867196202,"1":0.8018788695,"2":0.7394385338,"3":0.6584458947,"4":0.7540583611,"5":0.7922326326,"6":0.8871431351,"7":0.9519956708,"8":0.9677405953,"9":1.0289103985},"val_sparse_categorical_accuracy":{"0":0.7278106213,"1":0.7278106213,"2":0.6863905191,"3":0.7573964596,"4":0.7573964596,"5":0.7633135915,"6":0.6331360936,"7":0.769230783,"8":0.7810651064,"9":0.7751479149}}