{"evaluation_accuracy":{"0":0.7218309641,"1":0.7218309641,"2":0.7218309641,"3":0.7218309641,"4":0.7218309641,"5":0.7218309641,"6":0.7218309641,"7":0.7218309641,"8":0.7218309641,"9":0.7218309641},"loss":{"0":0.8574638963,"1":0.4672595263,"2":0.1041210517,"3":0.0189741366,"4":0.0071183979,"5":0.0038270878,"6":0.0024873936,"7":0.0019427149,"8":0.0015728805,"9":0.0013182688},"sparse_categorical_accuracy":{"0":0.5704225302,"1":0.8661971688,"2":0.9647887349,"3":1.0,"4":1.0,"5":1.0,"6":1.0,"7":1.0,"8":1.0,"9":1.0},"val_loss":{"0":0.8486770391,"1":0.5932610631,"2":0.9240092635,"3":1.0298756361,"4":1.1464296579,"5":1.2086622715,"6":1.250385046,"7":1.269956708,"8":1.2892068624,"9":1.3165026903},"val_sparse_categorical_accuracy":{"0":0.5798816681,"1":0.7928994298,"2":0.7751479149,"3":0.7633135915,"4":0.7633135915,"5":0.769230783,"6":0.769230783,"7":0.769230783,"8":0.769230783,"9":0.769230783}}