{"evaluation_accuracy":{"0":0.7147887349,"1":0.7147887349,"2":0.7147887349,"3":0.7147887349,"4":0.7147887349,"5":0.7147887349,"6":0.7147887349,"7":0.7147887349,"8":0.7147887349,"9":0.7147887349},"loss":{"0":0.849098444,"1":0.4671088755,"2":0.3398635685,"3":0.2159864157,"4":0.098812595,"5":0.0567552261,"6":0.0728069395,"7":0.0387813859,"8":0.0253644008,"9":0.0170352105},"sparse_categorical_accuracy":{"0":0.5845070481,"1":0.8661971688,"2":0.887323916,"3":0.9295774698,"4":0.9788732529,"5":0.985915482,"6":0.9788732529,"7":0.9929577708,"8":1.0,"9":1.0},"val_loss":{"0":0.6834331751,"1":0.8057540059,"2":0.7921184301,"3":0.772182405,"4":0.7646072507,"5":0.9703865647,"6":0.7853882313,"7":1.0455574989,"8":1.1246045828,"9":1.1849478483},"val_sparse_categorical_accuracy":{"0":0.6982248425,"1":0.6863905191,"2":0.7337278128,"3":0.7396449447,"4":0.7573964596,"5":0.7278106213,"6":0.7869822383,"7":0.7159763575,"8":0.7396449447,"9":0.7337278128}}