{"evaluation_accuracy":{"0":0.6480349302,"1":0.6480349302,"2":0.6480349302,"3":0.6480349302,"4":0.6480349302,"5":0.6480349302,"6":0.6480349302,"7":0.6480349302,"8":0.6480349302,"9":0.6480349302},"loss":{"0":0.7058907747,"1":0.5033165812,"2":0.1868468225,"3":0.0348160714,"4":0.0744676739,"5":0.0126911905,"6":0.0007811757,"7":0.0002621316,"8":0.0001730954,"9":0.000137556},"sparse_categorical_accuracy":{"0":0.5096153617,"1":0.7517482638,"2":0.9326922894,"3":0.9868881106,"4":0.9763985872,"5":0.9965034723,"6":1.0,"7":1.0,"8":1.0,"9":1.0},"val_loss":{"0":0.6720881462,"1":0.8685311079,"2":1.4246612787,"3":1.5325369835,"4":1.5745142698,"5":1.9394459724,"6":2.1607501507,"7":2.2576498985,"8":2.320104599,"9":2.3772702217},"val_sparse_categorical_accuracy":{"0":0.5484693646,"1":0.5599489808,"2":0.575255096,"3":0.6352040768,"4":0.625,"5":0.6262755394,"6":0.6313775778,"7":0.6301020384,"8":0.6301020384,"9":0.6326530576}}