{"evaluation_accuracy":{"0":0.7394366264,"1":0.7394366264,"2":0.7394366264,"3":0.7394366264,"4":0.7394366264,"5":0.7394366264,"6":0.7394366264,"7":0.7394366264,"8":0.7394366264,"9":0.7394366264},"loss":{"0":0.9729133844,"1":0.77292943,"2":0.3485866189,"3":0.0864163414,"4":0.0276812874,"5":0.0113171767,"6":0.0050154822,"7":0.0028062384,"8":0.0018304586,"9":0.0014839264},"sparse_categorical_accuracy":{"0":0.4647887349,"1":0.6197183132,"2":0.9225352407,"3":0.9788732529,"4":1.0,"5":1.0,"6":1.0,"7":1.0,"8":1.0,"9":1.0},"val_loss":{"0":0.8414232731,"1":0.7010157704,"2":0.7352192998,"3":0.8362640738,"4":1.0940704346,"5":1.0856039524,"6":1.1501529217,"7":1.204572916,"8":1.2486120462,"9":1.2816952467},"val_sparse_categorical_accuracy":{"0":0.6982248425,"1":0.7633135915,"2":0.7159763575,"3":0.7869822383,"4":0.6982248425,"5":0.7396449447,"6":0.769230783,"7":0.7751479149,"8":0.7751479149,"9":0.7751479149}}