{"evaluation_accuracy":{"0":0.6580786109,"1":0.6580786109,"2":0.6580786109,"3":0.6580786109,"4":0.6580786109,"5":0.6580786109,"6":0.6580786109,"7":0.6580786109,"8":0.6580786109},"loss":{"0":0.6362469196,"1":0.3064773381,"2":0.1069528237,"3":0.0710723847,"4":0.0033928156,"5":0.0003175801,"6":0.005267927,"7":0.0515294261,"8":0.0337405913},"sparse_categorical_accuracy":{"0":0.6110140085,"1":0.8819929957,"2":0.9632866979,"3":0.9737762213,"4":0.9991258979,"5":1.0,"6":0.9982517362,"7":0.9851398468,"8":0.9912587404},"val_loss":{"0":0.6367637515,"1":0.9849738479,"2":1.1138039827,"3":1.4718568325,"4":2.0144252777,"5":2.1212937832,"6":2.0104618073,"7":1.4935394526,"8":1.9269134998},"val_sparse_categorical_accuracy":{"0":0.6619898081,"1":0.6441326737,"2":0.6581632495,"3":0.6517857313,"4":0.6658163071,"5":0.6454081535,"6":0.6568877697,"7":0.5573979616,"8":0.6454081535}}