{"evaluation_accuracy":{"0":0.6659388542,"1":0.6659388542,"2":0.6659388542,"3":0.6659388542,"4":0.6659388542,"5":0.6659388542,"6":0.6659388542,"7":0.6659388542,"8":0.6659388542,"9":0.6659388542},"loss":{"0":0.6206687689,"1":0.3012579381,"2":0.06834355,"3":0.0547675118,"4":0.066018492,"5":0.007512175,"6":0.0004836042,"7":0.0004784957,"8":0.0001790594,"9":0.0001356601},"sparse_categorical_accuracy":{"0":0.6608391404,"1":0.8881118894,"2":0.9755244851,"3":0.9868881106,"4":0.9781468511,"5":0.9982517362,"6":1.0,"7":1.0,"8":1.0,"9":1.0},"val_loss":{"0":0.6325105429,"1":1.1300673485,"2":1.4969205856,"3":1.2495347261,"4":1.2349190712,"5":1.8416143656,"6":2.0748326778,"7":2.202357769,"8":2.2901022434,"9":2.3438284397},"val_sparse_categorical_accuracy":{"0":0.6479591727,"1":0.6109693646,"2":0.5880101919,"3":0.6951530576,"4":0.6683673263,"5":0.6721938848,"6":0.6658163071,"7":0.6709183455,"8":0.6709183455,"9":0.6696428657}}