{"evaluation_accuracy":{"0":0.6410480142,"1":0.6410480142,"2":0.6410480142,"3":0.6410480142,"4":0.6410480142,"5":0.6410480142,"6":0.6410480142,"7":0.6410480142,"8":0.6410480142,"9":0.6410480142},"loss":{"0":0.6913741827,"1":0.6564262509,"2":0.588983953,"3":0.4983054101,"4":0.3273709714,"5":0.1805431843,"6":0.104006581,"7":0.0697062984,"8":0.0475707017,"9":0.0896496102},"sparse_categorical_accuracy":{"0":0.5437062979,"1":0.6206293702,"2":0.7220279574,"3":0.7639859915,"4":0.872377634,"5":0.9318181872,"6":0.9702796936,"7":0.9790209532,"8":0.9895104766,"9":0.9755244851},"val_loss":{"0":0.6862073541,"1":0.6562589407,"2":0.6949256063,"3":0.7075586319,"4":0.8985586166,"5":1.1266098022,"6":1.217233181,"7":1.3331624269,"8":1.7044764757,"9":1.4112977982},"val_sparse_categorical_accuracy":{"0":0.4744898081,"1":0.6301020384,"2":0.5727040768,"3":0.6441326737,"4":0.6135203838,"5":0.6033163071,"6":0.6454081535,"7":0.6479591727,"8":0.6492347121,"9":0.6619898081}}