{"evaluation_accuracy":{"0":0.8756800294,"1":0.8756800294,"2":0.8756800294,"3":0.8756800294,"4":0.8756800294},"loss":{"0":0.4138393104,"1":0.2182758301,"2":0.2304955125,"3":0.4188584089,"4":0.183449313},"sparse_categorical_accuracy":{"0":0.8051999807,"1":0.9172000289,"2":0.8862000108,"3":0.8166000247,"4":0.9327999949},"val_loss":{"0":0.2847559452,"1":0.2650725543,"2":0.5691078901,"3":0.6712889671,"4":0.330332756},"val_sparse_categorical_accuracy":{"0":0.8896499872,"1":0.8985999823,"2":0.8125500083,"3":0.7590000033,"4":0.8748000264}}