{"evaluation_accuracy":{"0":0.8688799739,"1":0.8688799739,"2":0.8688799739,"3":0.8688799739,"4":0.8688799739},"loss":{"0":0.4370847642,"1":0.2551979125,"2":0.1577634364,"3":0.1309890002,"4":0.0794843286},"sparse_categorical_accuracy":{"0":0.800999999,"1":0.9021999836,"2":0.9427999854,"3":0.9549999833,"4":0.9751999974},"val_loss":{"0":0.3558122218,"1":0.3166145086,"2":0.3242103755,"3":0.4053202271,"4":0.4366558194},"val_sparse_categorical_accuracy":{"0":0.8601499796,"1":0.8678500056,"2":0.8841000199,"3":0.8795499802,"4":0.8691499829}}